time,V(clk_amp),V(clk_double),V(clk_load),V(clk_sample),V(comp_out)
0,0,0,0,0,1.00515E-09
2E-18,0,0,0,0.06,1.00515E-09
3E-18,0,0,0,0.09,1.00515E-09
5E-18,0,0,0,0.15,1.00515E-09
6E-18,0,0,0,0.18,1.00515E-09
7E-18,0,0,0,0.21,1.00515E-09
9E-18,0,0,0,0.27,1.00515E-09
1E-17,0,0,0,0.3,1.00515E-09
3.7E-16,0,0,0,3,1.00523E-09
5.5E-16,0,0,0,3,1.00526E-09
2.1115E-13,0,0,0,3,1.02301E-09
4.2175E-13,0,0,0,3,1.03862E-09
6.3235E-13,0,0,0,3,1.05208E-09
8.4295E-13,0,0,0,3,1.06341E-09
1.05355E-12,0,0,0,3,1.07259E-09
1.26415E-12,0,0,0,3,1.07963E-09
1.47475E-12,0,0,0,3,1.08453E-09
1.65907E-12,0,0,0,3,1.08878E-09
2.02771E-12,0,0,0,3,1.09267E-09
2.76499E-12,0,0,0,3,1.09622E-09
2.94931E-12,0,0,0,3,1.09617E-09
3.31795E-12,0,0,0,3,1.09454E-09
4.05523E-12,0,0,0,3,1.08958E-09
5.52979E-12,0,0,0,3,1.07744E-09
8.47891E-12,0,0,0,3,1.05546E-09
1.43772E-11,0,0,0,3,1.02771E-09
2.61736E-11,0,0,0,3,1.00458E-09
4.40406E-11,0,0,0,3,9.96234E-10
6.7735E-11,0,0,0,3,9.96781E-10
9.85471E-11,0,0,0,3,9.99371E-10
1.3678E-10,0,0,0,3,1.00173E-09
1.85709E-10,0,0,0,3,1.00345E-09
2.53958E-10,0,0,0,3,1.0045E-09
3.54299E-10,0,0,0,3,1.00499E-09
5.14123E-10,0,0,0,3,1.00513E-09
7.35336E-10,0,0,0,3,1.00515E-09
9.85059E-10,0,0,0,3,1.00515E-09
1.27571E-09,0,0,0,3,1.00515E-09
1.69292E-09,0,0,0,3,1.00515E-09
2.37099E-09,0,0,0,3,1.00515E-09
3.15739E-09,0,0,0,3,1.00515E-09
3.3027E-09,0,0,0,3,1.00515E-09
3.33902E-09,0,0,0,3,1.00515E-09
3.3481E-09,0,0,0,3,1.00515E-09
3.37081E-09,0,0,0,3,1.00515E-09
3.39805E-09,0,0,0,3,1.00515E-09
3.43438E-09,0,0,0,3,1.00515E-09
3.50703E-09,0,0,0,3,1.00515E-09
3.65234E-09,0,0,0,3,1.00515E-09
3.91872E-09,0,0,0,3,1.00515E-09
4.45148E-09,0,0,0,3,1.00515E-09
5.51008E-09,0,0,0,3,1.00515E-09
6.58367E-09,0,0,0,3,1.00515E-09
7.64656E-09,0,0,0,3,1.00515E-09
8.61525E-09,0,0,0,3,1.00515E-09
9.99155E-09,0,0,0,3,1.00515E-09
1.14137E-08,0,0,0,3,1.00515E-09
1.29616E-08,0,0,0,3,1.00515E-09
1.31642E-08,0,0,0,3,1.00515E-09
1.35695E-08,0,0,0,3,1.00515E-09
1.36207E-08,0,0,0,3,1.00515E-09
1.36335E-08,0,0,0,3,1.00515E-09
1.36591E-08,0,0,0,3,1.00515E-09
1.36655E-08,0,0,0,3,1.00515E-09
1.36784E-08,0,0,0,3,1.00515E-09
1.3704E-08,0,0,0,3,1.00515E-09
1.37552E-08,0,0,0,3,1.00515E-09
1.38577E-08,0,0,0,3,1.00515E-09
1.40627E-08,0,0,0,3,1.00515E-09
1.44726E-08,0,0,0,3,1.00515E-09
1.49905E-08,0,0,0,3,1.00515E-09
1.57868E-08,0,0,0,3,1.00515E-09
1.72829E-08,0,0,0,3,1.00515E-09
1.96919E-08,0,0,0,3,1.00515E-09
2.23266E-08,0,0,0,3,1.00515E-09
2.53761E-08,0,0,0,3,1.00515E-09
2.9075E-08,0,0,0,3,1.00515E-09
3.31539E-08,0,0,0,3,1.00515E-09
3.7469E-08,0,0,0,3,1.00515E-09
4.23518E-08,0,0,0,3,1.00515E-09
4.72346E-08,0,0,0,3,1.00515E-09
5.21174E-08,0,0,0,3,1.00515E-09
5.70002E-08,0,0,0,3,1.00515E-09
6.18831E-08,0,0,0,3,1.00515E-09
6.67659E-08,0,0,0,3,1.00515E-09
7.65315E-08,0,0,0,3,1.00515E-09
8.62971E-08,0,0,0,3,1.00515E-09
9.51172E-08,0,0,0,3,1.00515E-09
1E-07,0,0,0,3,1.00515E-09
1.01304E-07,0,0,0,0,1.00515E-09
1.01869E-07,0,0,0,0,1.00515E-09
1.03734E-07,0,0,0,0,1.00515E-09
1.95117E-07,0,0,0,0,1.00515E-09
0.0000002,0,0,0,0,1.00515E-09
2E-07,0.03000005,0,0,0,5.6205E-08
2.00125E-07,3,0,0,0,-3.33863E-06
2.0025E-07,3,0,0,0,-2.59477E-05
2.00375E-07,3,0,0,0,-9.15499E-05
2.005E-07,3,0,0,0,-0.00020584
2.00519E-07,3,0,0,0,-0.000230981
2.00557E-07,3,0,0,0,-0.000287221
2.00632E-07,3,0,0,0,0.000306057
2.00728E-07,3,0,0,0,0.02159108
2.00836E-07,3,0,0,0,0.09404947
2.00848E-07,3,0,0,0,0.1164995
2.00873E-07,3,0,0,0,0.2088139
2.00901E-07,3,0,0,0,0.376977
2.00922E-07,3,0,0,0,0.5340547
2.00926E-07,3,0,0,0,0.5674207
2.00935E-07,3,0,0,0,0.635589
2.00951E-07,3,0,0,0,0.7796474
2.00954E-07,3,0,0,0,0.8084728
2.0096E-07,3,0,0,0,0.8796824
2.00968E-07,3,0,0,0,1.017459
2.00975E-07,3,0,0,0,1.150892
2.00979E-07,3,0,0,0,1.285506
2.00984E-07,3,0,0,0,1.473542
2.00989E-07,3,0,0,0,1.663069
2.00992E-07,3,0,0,0,1.733855
2.00995E-07,3,0,0,0,1.775763
2.00998E-07,3,0,0,0,1.788681
2.01001E-07,3,0,0,0,1.793982
2.01006E-07,3,0,0,0,1.797124
2.01012E-07,3,0,0,0,1.798796
2.01019E-07,3,0,0,0,1.79933
2.01028E-07,3,0,0,0,1.79959
2.01041E-07,3,0,0,0,1.799914
2.0106E-07,3,0,0,0,1.800132
2.01086E-07,3,0,0,0,1.800184
2.01128E-07,3,0,0,0,1.800182
2.01211E-07,3,0,0,0,1.800169
2.01378E-07,3,0,0,0,1.800143
2.01711E-07,3,0,0,0,1.800106
2.02231E-07,3,0,0,0,1.800074
2.02337E-07,3,0,0,0,1.800066
2.02549E-07,3,0,0,0,1.80005
2.02602E-07,3,0,0,0,1.800048
2.02708E-07,3,0,0,0,1.800044
2.0292E-07,3,0,0,0,1.800038
2.03013E-07,3,0,0,0,1.800035
2.03172E-07,3,0,0,0,1.800032
2.03384E-07,3,0,0,0,1.800028
2.03808E-07,3,0,0,0,1.800022
2.04656E-07,3,0,0,0,1.800013
2.05634E-07,3,0,0,0,1.800008
2.07447E-07,3,0,0,0,1.800003
2.09251E-07,3,0,0,0,1.800001
2.11936E-07,3,0,0,0,1.8
2.1469E-07,3,0,0,0,1.8
2.19573E-07,3,0,0,0,1.8
2.23063E-07,3,0,0,0,1.8
2.23621E-07,3,0,0,0,1.8
2.24179E-07,3,0,0,0,1.8
2.24737E-07,3,0,0,0,1.8
2.25295E-07,3,0,0,0,1.8
2.25853E-07,3,0,0,0,1.8
2.26411E-07,3,0,0,0,1.8
2.26969E-07,3,0,0,0,1.8
2.29373E-07,3,0,0,0,1.8
2.31526E-07,3,0,0,0,1.8
2.35735E-07,3,0,0,0,1.8
2.40618E-07,3,0,0,0,1.8
2.45501E-07,3,0,0,0,1.8
2.50383E-07,3,0,0,0,1.8
2.55266E-07,3,0,0,0,1.8
2.60149E-07,3,0,0,0,1.8
2.65032E-07,3,0,0,0,1.8
2.69915E-07,3,0,0,0,1.8
2.74798E-07,3,0,0,0,1.8
2.7968E-07,3,0,0,0,1.8
2.84563E-07,3,0,0,0,1.8
2.89446E-07,3,0,0,0,1.8
2.94329E-07,3,0,0,0,1.8
2.94965E-07,3,0,0,0,1.8
2.95601E-07,3,0,0,0,1.8
2.96237E-07,3,0,0,0,1.8
2.96874E-07,3,0,0,0,1.8
2.9751E-07,3,0,0,0,1.8
2.98146E-07,3,0,0,0,1.8
2.98782E-07,3,0,0,0,1.8
3E-07,3,0,0,0,1.798782
3.00003E-07,0,0,0,0,1.799046
3.00009E-07,0,0,0,0,1.800745
3.00011E-07,0,0,0,0,1.800728
3.00013E-07,0,0,0,0,1.800312
3.00016E-07,0,0,0,0,1.800212
3.0002E-07,0,0,0,0,1.800187
3.00027E-07,0,0,0,0,1.80015
3.00037E-07,0,0,0,0,1.800112
3.00048E-07,0,0,0,0,1.800082
3.00062E-07,0,0,0,0,1.800058
3.00081E-07,0,0,0,0,1.800037
3.00111E-07,0,0,0,0,1.800019
3.00167E-07,0,0,0,0,1.800006
3.0028E-07,0,0,0,0,1.800001
3.00505E-07,0,0,0,0,1.8
3.00806E-07,0,0,0,0,1.8
3.01123E-07,0,0,0,0,1.8
3.01495E-07,0,0,0,0,1.8
3.01927E-07,0,0,0,0,1.8
3.02509E-07,0,0,0,0,1.8
3.03459E-07,0,0,0,0,1.8
3.04372E-07,0,0,0,0,1.8
3.05366E-07,0,0,0,0,1.8
3.06567E-07,0,0,0,0,1.8
3.07695E-07,0,0,0,0,1.8
3.09153E-07,0,0,0,0,1.8
3.10475E-07,0,0,0,0,1.8
3.12029E-07,0,0,0,0,1.8
3.14657E-07,0,0,0,0,1.8
3.16503E-07,0,0,0,0,1.8
3.175E-07,0,0,0,0,1.8
3.18473E-07,0,0,0,0,1.8
3.19459E-07,0,0,0,0,1.8
3.20198E-07,0,0,0,0,1.8
3.20742E-07,0,0,0,0,1.8
3.21173E-07,0,0,0,0,1.8
3.21574E-07,0,0,0,0,1.8
3.22073E-07,0,0,0,0,1.8
3.22421E-07,0,0,0,0,1.8
3.22754E-07,0,0,0,0,1.8
3.23143E-07,0,0,0,0,1.8
3.23618E-07,0,0,0,0,1.8
3.24176E-07,0,0,0,0,1.8
3.24784E-07,0,0,0,0,1.8
3.25549E-07,0,0,0,0,1.8
3.26466E-07,0,0,0,0,1.8
3.27863E-07,0,0,0,0,1.8
3.29867E-07,0,0,0,0,1.8
3.32881E-07,0,0,0,0,1.8
3.36244E-07,0,0,0,0,1.8
3.41047E-07,0,0,0,0,1.8
3.45117E-07,0,0,0,0,1.8
0.00000035,0,0,0,0,1.8
3.5E-07,0,0,0,0,1.8
3.5E-07,0,3,0,0,1.8
3.51E-07,0,3,0,0,1.8
3.52E-07,0,3,0,0,1.8
3.53E-07,0,3,0,0,1.8
3.54E-07,0,3,0,0,1.8
3.55576E-07,0,3,0,0,1.8
3.58182E-07,0,3,0,0,1.8
3.61995E-07,0,3,0,0,1.8
3.65921E-07,0,3,0,0,1.8
3.70804E-07,0,3,0,0,1.8
3.75686E-07,0,3,0,0,1.8
3.80569E-07,0,3,0,0,1.8
3.85452E-07,0,3,0,0,1.8
3.90335E-07,0,3,0,0,1.8
3.95218E-07,0,3,0,0,1.8
4.001E-07,0,3,0,0,1.8
4.04983E-07,0,3,0,0,1.8
4.09866E-07,0,3,0,0,1.8
4.14749E-07,0,3,0,0,1.8
4.19632E-07,0,3,0,0,1.8
4.39163E-07,0,3,0,0,1.8
4.44046E-07,0,3,0,0,1.8
4.4726E-07,0,3,0,0,1.8
0.00000045,0,3,0,0,1.8
4.5E-07,0,3,0,0,1.8
4.5E-07,0,3,0,0,1.8
4.5E-07,0,3,0,0,1.8
4.5E-07,0,3,0,0,1.8
4.5E-07,0,3,1,0,1.8
4.5E-07,0,3,2,0,1.8
4.5E-07,0,3,3,0,1.8
4.5E-07,0,3,3,0,1.8
4.51E-07,0,3,3,0,1.8
4.52E-07,0,3,3,0,1.8
4.53E-07,0,3,3,0,1.8
4.54E-07,0,3,3,0,1.8
4.55072E-07,0,3,3,0,1.8
4.56702E-07,0,3,3,0,1.8
4.57603E-07,0,3,3,0,1.8
4.58385E-07,0,3,3,0,1.8
4.59251E-07,0,3,3,0,1.8
4.60233E-07,0,3,3,0,1.8
4.61005E-07,0,3,3,0,1.8
4.61438E-07,0,3,3,0,1.8
4.61788E-07,0,3,3,0,1.8
4.62298E-07,0,3,3,0,1.8
4.6264E-07,0,3,3,0,1.8
4.62947E-07,0,3,3,0,1.8
4.6329E-07,0,3,3,0,1.8
4.63791E-07,0,3,3,0,1.8
4.64359E-07,0,3,3,0,1.8
4.64983E-07,0,3,3,0,1.8
4.6577E-07,0,3,3,0,1.8
4.66785E-07,0,3,3,0,1.8
4.6812E-07,0,3,3,0,1.8
4.70149E-07,0,3,3,0,1.8
4.7232E-07,0,3,3,0,1.8
4.74867E-07,0,3,3,0,1.8
4.78962E-07,0,3,3,0,1.8
4.83845E-07,0,3,3,0,1.8
4.88728E-07,0,3,3,0,1.8
4.9361E-07,0,3,3,0,1.8
4.98493E-07,0,3,3,0,1.8
5.03376E-07,0,3,3,0,1.8
5.45117E-07,0,3,3,0,1.8
5.5E-07,0,3,3,0,1.8
5.5E-07,0,3,3,0,1.8
5.5E-07,0,3,0,0,1.8
5.5E-07,0,3,0,0,1.8
5.5E-07,0,3,0,0,1.8
5.5E-07,0,3,0,0,1.8
5.5E-07,0,3,0,0,1.8
5.5E-07,0,3,0,0,1.8
5.5E-07,0,3,0,0,1.8
5.5E-07,0,3,0,0,1.8
5.5E-07,0,3,0,0,1.8
5.5E-07,0,3,0,0,1.8
5.5E-07,0,3,0,0,1.8
5.50001E-07,0,3,0,0,1.8
5.50002E-07,0,3,0,0,1.8
5.50003E-07,0,3,0,0,1.8
5.50006E-07,0,3,0,0,1.8
5.50013E-07,0,3,0,0,1.8
5.50026E-07,0,3,0,0,1.8
5.50052E-07,0,3,0,0,1.8
5.50104E-07,0,3,0,0,1.8
5.50208E-07,0,3,0,0,1.8
5.50415E-07,0,3,0,0,1.8
5.5083E-07,0,3,0,0,1.8
5.51279E-07,0,3,0,0,1.8
5.52176E-07,0,3,0,0,1.8
5.5397E-07,0,3,0,0,1.8
5.55648E-07,0,3,0,0,1.8
5.56916E-07,0,3,0,0,1.8
5.57464E-07,0,3,0,0,1.8
5.58562E-07,0,3,0,0,1.8
5.6E-07,0,3,0,0,1.8
5.60004E-07,0,0,0,0,1.8
5.60012E-07,0,0,0,0,1.8
5.60014E-07,0,0,0,0,1.8
5.60017E-07,0,0,0,0,1.8
5.60022E-07,0,0,0,0,1.8
5.60027E-07,0,0,0,0,1.8
5.60039E-07,0,0,0,0,1.8
5.60061E-07,0,0,0,0,1.8
5.60087E-07,0,0,0,0,1.8
5.60139E-07,0,0,0,0,1.8
5.60241E-07,0,0,0,0,1.8
5.60446E-07,0,0,0,0,1.8
5.60755E-07,0,0,0,0,1.8
5.6134E-07,0,0,0,0,1.8
5.62508E-07,0,0,0,0,1.8
5.6378E-07,0,0,0,0,1.8
5.65576E-07,0,0,0,0,1.8
5.67593E-07,0,0,0,0,1.8
5.70789E-07,0,0,0,0,1.8
5.74758E-07,0,0,0,0,1.8
5.84523E-07,0,0,0,0,1.8
6.00322E-07,0,0,0,0,1.8
6.16122E-07,0,0,0,0,1.8
6.31921E-07,0,0,0,0,1.8
6.4772E-07,0,0,0,0,1.8
6.63519E-07,0,0,0,0,1.8
6.79318E-07,0,0,0,0,1.8
6.95117E-07,0,0,0,0,1.8
0.0000007,0,0,0,0,1.797965
7.0001E-07,3,0,0,0,1.798745
7.00029E-07,3,0,0,0,1.801718
7.00033E-07,3,0,0,0,1.800467
7.00039E-07,3,0,0,0,1.799055
7.00044E-07,3,0,0,0,1.799716
7.0005E-07,3,0,0,0,1.799879
7.00057E-07,3,0,0,0,1.799859
7.00067E-07,3,0,0,0,1.799972
7.0008E-07,3,0,0,0,1.799949
7.001E-07,3,0,0,0,1.799771
7.00104E-07,3,0,0,0,1.799899
7.00105E-07,3,0,0,0,1.799954
7.00107E-07,3,0,0,0,1.799982
7.0011E-07,3,0,0,0,1.799988
7.00111E-07,3,0,0,0,1.799988
7.00113E-07,3,0,0,0,1.799989
7.00117E-07,3,0,0,0,1.799991
7.00124E-07,3,0,0,0,1.799992
7.0014E-07,3,0,0,0,1.799995
7.0017E-07,3,0,0,0,1.799999
7.0023E-07,3,0,0,0,1.800004
7.00332E-07,3,0,0,0,1.800008
7.00444E-07,3,0,0,0,1.800009
7.00572E-07,3,0,0,0,1.800009
7.00733E-07,3,0,0,0,1.800009
7.00981E-07,3,0,0,0,1.800008
7.01382E-07,3,0,0,0,1.800006
7.02183E-07,3,0,0,0,1.800004
7.03786E-07,3,0,0,0,1.800002
7.0563E-07,3,0,0,0,1.800001
7.079E-07,3,0,0,0,1.800001
7.08113E-07,3,0,0,0,1.800001
7.08538E-07,3,0,0,0,1.800001
7.09389E-07,3,0,0,0,1.800003
7.09523E-07,3,0,0,0,1.800005
7.09793E-07,3,0,0,0,1.800013
7.09847E-07,3,0,0,0,1.80002
7.09954E-07,3,0,0,0,1.800057
7.10074E-07,3,0,0,0,1.79988
7.10167E-07,3,0,0,0,1.792794
7.1027E-07,3,0,0,0,1.753489
7.10331E-07,3,0,0,0,1.694235
7.10407E-07,3,0,0,0,1.586647
7.10462E-07,3,0,0,0,1.480519
7.10486E-07,3,0,0,0,1.373322
7.10508E-07,3,0,0,0,1.169034
7.10524E-07,3,0,0,0,0.8884482
7.10542E-07,3,0,0,0,0.4253003
7.10552E-07,3,0,0,0,0.1757231
7.10559E-07,3,0,0,0,0.06370844
7.10569E-07,3,0,0,0,0.01054349
7.10575E-07,3,0,0,0,0.00251548
7.10585E-07,3,0,0,0,0.00162901
7.10597E-07,3,0,0,0,0.001028983
7.10622E-07,3,0,0,0,0.000574514
7.10652E-07,3,0,0,0,0.000379006
7.10689E-07,3,0,0,0,0.000284964
7.10735E-07,3,0,0,0,0.000223213
7.10828E-07,3,0,0,0,0.000158367
7.10917E-07,3,0,0,0,0.000108008
7.10981E-07,3,0,0,0,5.66113E-05
7.11058E-07,3,0,0,0,2.27126E-06
7.11136E-07,3,0,0,0,-1.27187E-05
7.11211E-07,3,0,0,0,-1.07937E-05
7.11292E-07,3,0,0,0,-9.95557E-06
7.11454E-07,3,0,0,0,-8.02384E-06
7.11778E-07,3,0,0,0,-5.22088E-06
7.12245E-07,3,0,0,0,-2.68561E-06
7.12672E-07,3,0,0,0,-1.48146E-06
7.1315E-07,3,0,0,0,-4.61859E-06
7.13191E-07,3,0,0,0,-3.49958E-06
7.13272E-07,3,0,0,0,-5.85086E-07
7.13298E-07,3,0,0,0,-5.9103E-07
7.13334E-07,3,0,0,0,-5.64452E-07
7.13365E-07,3,0,0,0,-5.41981E-07
7.13405E-07,3,0,0,0,-5.13785E-07
7.13487E-07,3,0,0,0,-4.62493E-07
7.13651E-07,3,0,0,0,-3.76975E-07
7.13979E-07,3,0,0,0,-2.49425E-07
7.14399E-07,3,0,0,0,-1.43911E-07
7.15007E-07,3,0,0,0,-6.4442E-08
7.16027E-07,3,0,0,0,-1.23851E-08
7.18066E-07,3,0,0,0,1.27801E-08
7.20932E-07,3,0,0,0,1.39271E-08
7.25815E-07,3,0,0,0,5.37825E-09
7.30698E-07,3,0,0,0,7.66969E-10
7.3558E-07,3,0,0,0,3.485E-10
7.40463E-07,3,0,0,0,6.27688E-10
7.45346E-07,3,0,0,0,7.03799E-10
7.50229E-07,3,0,0,0,8.16929E-10
7.55112E-07,3,0,0,0,8.66649E-10
7.59994E-07,3,0,0,0,9.14046E-10
7.64877E-07,3,0,0,0,9.40747E-10
7.6976E-07,3,0,0,0,9.6166E-10
7.74643E-07,3,0,0,0,9.75008E-10
7.79526E-07,3,0,0,0,9.84534E-10
7.89291E-07,3,0,0,0,9.95406E-10
7.97003E-07,3,0,0,0,9.99851E-10
8E-07,3,0,0,0,-3.2781E-05
8.00009E-07,0,0,0,0,-1.01888E-05
8.00027E-07,0,0,0,0,3.59854E-05
8.00031E-07,0,0,0,0,7.52801E-06
8.00036E-07,0,0,0,0,-1.95936E-05
8.00047E-07,0,0,0,0,-1.44312E-06
8.00067E-07,0,0,0,0,-9.18609E-07
8.00108E-07,0,0,0,0,-2.18098E-08
8.00153E-07,0,0,0,0,-7.64947E-08
8.00209E-07,0,0,0,0,3.18256E-08
8.00271E-07,0,0,0,0,-6.35707E-08
8.00361E-07,0,0,0,0,3.45091E-08
8.00482E-07,0,0,0,0,-4.26026E-08
8.00724E-07,0,0,0,0,7.82906E-09
8.01011E-07,0,0,0,0,-2.83633E-09
8.01332E-07,0,0,0,0,1.03976E-08
8.01793E-07,0,0,0,0,-4.18193E-09
8.02405E-07,0,0,0,0,3.79386E-09
8.03147E-07,0,0,0,0,-3.03387E-09
8.04234E-07,0,0,0,0,3.60149E-09
8.05785E-07,0,0,0,0,-6.491E-10
8.07924E-07,0,0,0,0,1.91897E-09
8.10627E-07,0,0,0,0,8.30521E-10
8.13476E-07,0,0,0,0,1.84307E-09
8.17303E-07,0,0,0,0,5.5842E-10
8.22009E-07,0,0,0,0,1.08274E-09
8.26892E-07,0,0,0,0,1.00948E-09
8.36657E-07,0,0,0,0,1.00943E-09
8.45117E-07,0,0,0,0,3.23014E-10
0.00000085,0,0,0,0,-1.90439E-06
8.5001E-07,0,3,0,0,-1.28914E-06
8.50029E-07,0,3,0,0,8.19402E-08
8.50033E-07,0,3,0,0,4.98081E-08
8.50039E-07,0,3,0,0,-1.46757E-08
8.50049E-07,0,3,0,0,3.38189E-09
8.50061E-07,0,3,0,0,-5.88454E-10
8.50084E-07,0,3,0,0,1.49624E-09
8.5012E-07,0,3,0,0,7.82956E-10
8.50173E-07,0,3,0,0,1.1326E-09
8.5025E-07,0,3,0,0,9.27219E-10
8.50364E-07,0,3,0,0,1.06041E-09
8.50538E-07,0,3,0,0,9.76903E-10
8.50786E-07,0,3,0,0,1.02322E-09
8.51128E-07,0,3,0,0,9.91207E-10
8.51612E-07,0,3,0,0,1.00777E-09
8.52141E-07,0,3,0,0,1.00205E-09
8.52727E-07,0,3,0,0,1.00415E-09
8.53289E-07,0,3,0,0,1.00563E-09
8.53839E-07,0,3,0,0,1.0077E-09
8.54443E-07,0,3,0,0,1.0024E-09
8.5512E-07,0,3,0,0,1.00611E-09
8.55828E-07,0,3,0,0,1.00316E-09
8.56607E-07,0,3,0,0,1.00778E-09
8.57513E-07,0,3,0,0,1.00323E-09
8.58541E-07,0,3,0,0,1.00454E-09
8.59524E-07,0,3,0,0,1.00221E-09
8.60754E-07,0,3,0,0,1.00636E-09
8.62129E-07,0,3,0,0,1.00215E-09
8.64069E-07,0,3,0,0,1.00441E-09
8.65828E-07,0,3,0,0,1.00173E-09
8.68903E-07,0,3,0,0,1.0048E-09
8.71758E-07,0,3,0,0,1.00316E-09
8.76558E-07,0,3,0,0,1.00519E-09
8.81441E-07,0,3,0,0,1.00514E-09
8.86324E-07,0,3,0,0,1.00514E-09
8.91207E-07,0,3,0,0,1.00514E-09
8.9609E-07,0,3,0,0,1.00514E-09
9.00972E-07,0,3,0,0,1.00514E-09
9.05855E-07,0,3,0,0,1.00514E-09
9.10738E-07,0,3,0,0,1.00514E-09
9.15621E-07,0,3,0,0,1.00514E-09
9.20504E-07,0,3,0,0,1.00514E-09
9.25386E-07,0,3,0,0,1.00514E-09
9.30269E-07,0,3,0,0,1.00514E-09
9.35152E-07,0,3,0,0,1.00514E-09
9.40035E-07,0,3,0,0,1.00514E-09
9.44918E-07,0,3,0,0,9.40245E-10
9.45117E-07,0,3,0,0,9.71082E-10
9.45516E-07,0,3,0,0,1.02177E-09
9.46314E-07,0,3,0,0,9.96922E-10
9.47909E-07,0,3,0,0,1.00708E-09
0.00000095,0,3,0,0,3.81674E-09
9.50006E-07,0,3,3,0,2.93094E-09
9.50019E-07,0,3,3,0,8.08154E-10
9.50022E-07,0,3,3,0,8.4481E-10
9.50026E-07,0,3,3,0,9.88879E-10
9.50034E-07,0,3,3,0,9.809E-10
9.50049E-07,0,3,3,0,9.92075E-10
9.50071E-07,0,3,3,0,1.0039E-09
9.50095E-07,0,3,3,0,1.01023E-09
9.50127E-07,0,3,3,0,1.01114E-09
9.50168E-07,0,3,3,0,1.00986E-09
9.50225E-07,0,3,3,0,1.00809E-09
9.50303E-07,0,3,3,0,1.00678E-09
9.50414E-07,0,3,3,0,1.0059E-09
9.50579E-07,0,3,3,0,1.00542E-09
9.50821E-07,0,3,3,0,1.00517E-09
9.51117E-07,0,3,3,0,1.00506E-09
9.51474E-07,0,3,3,0,1.00501E-09
9.51916E-07,0,3,3,0,1.00503E-09
9.52536E-07,0,3,3,0,1.00508E-09
9.53208E-07,0,3,3,0,1.00512E-09
9.5409E-07,0,3,3,0,1.00515E-09
9.55229E-07,0,3,3,0,1.00516E-09
9.56314E-07,0,3,3,0,1.00514E-09
9.57509E-07,0,3,3,0,1.00513E-09
9.58876E-07,0,3,3,0,1.00514E-09
9.6033E-07,0,3,3,0,1.00514E-09
9.62086E-07,0,3,3,0,1.00514E-09
9.65599E-07,0,3,3,0,1.00514E-09
9.69563E-07,0,3,3,0,1.00514E-09
9.74446E-07,0,3,3,0,1.00514E-09
9.79329E-07,0,3,3,0,1.00514E-09
9.84212E-07,0,3,3,0,1.00514E-09
9.89095E-07,0,3,3,0,1.00514E-09
9.93977E-07,0,3,3,0,1.00514E-09
9.9886E-07,0,3,3,0,1.00514E-09
1.00551E-06,0,3,3,0,1.00514E-09
1.01215E-06,0,3,3,0,1.00514E-09
1.0188E-06,0,3,3,0,1.00514E-09
1.02544E-06,0,3,3,0,1.00514E-09
1.03209E-06,0,3,3,0,1.00514E-09
1.03873E-06,0,3,3,0,1.00514E-09
1.04538E-06,0,3,3,0,1.00514E-09
1.04925E-06,0,3,3,0,1.00514E-09
1.05E-06,0,3,3,0,1.00514E-09
1.0515E-06,0,3,0,0,1.00514E-09
1.0541E-06,0,3,0,0,1.00514E-09
1.05677E-06,0,3,0,0,1.00514E-09
1.06E-06,0,3,0,0,9.33058E-10
1.06001E-06,0,0,0,0,9.5116E-10
1.06003E-06,0,0,0,0,1.11507E-09
1.06003E-06,0,0,0,0,1.13663E-09
1.06004E-06,0,0,0,0,1.09753E-09
1.06005E-06,0,0,0,0,1.02647E-09
1.06006E-06,0,0,0,0,1.00763E-09
1.06009E-06,0,0,0,0,1.00369E-09
1.06013E-06,0,0,0,0,1.0044E-09
1.0602E-06,0,0,0,0,1.00512E-09
1.06034E-06,0,0,0,0,1.00513E-09
1.06062E-06,0,0,0,0,1.00515E-09
1.06105E-06,0,0,0,0,1.00514E-09
1.06176E-06,0,0,0,0,1.00514E-09
1.06298E-06,0,0,0,0,1.00513E-09
1.06419E-06,0,0,0,0,1.00514E-09
1.06599E-06,0,0,0,0,1.00514E-09
1.06814E-06,0,0,0,0,1.00514E-09
1.07174E-06,0,0,0,0,1.00514E-09
1.07662E-06,0,0,0,0,1.00514E-09
1.08151E-06,0,0,0,0,1.00514E-09
1.18893E-06,0,0,0,0,1.00514E-09
1.19381E-06,0,0,0,0,1.00514E-09
1.19739E-06,0,0,0,0,1.00514E-09
0.0000012,0,0,0,0,3.19324E-05
1.20001E-06,3,0,0,0,5.56682E-05
1.20001E-06,3,0,0,0,4.88425E-05
1.20001E-06,3,0,0,0,2.49078E-05
1.20001E-06,3,0,0,0,-2.12144E-06
1.20001E-06,3,0,0,0,-1.80994E-05
1.20001E-06,3,0,0,0,-1.18205E-05
1.20001E-06,3,0,0,0,6.9584E-06
1.20002E-06,3,0,0,0,1.5045E-05
1.20004E-06,3,0,0,0,7.59543E-06
1.20005E-06,3,0,0,0,2.39628E-06
1.20008E-06,3,0,0,0,5.98333E-07
1.20011E-06,3,0,0,0,-2.63123E-08
1.20017E-06,3,0,0,0,-2.51818E-07
1.20026E-06,3,0,0,0,-4.63555E-07
1.20042E-06,3,0,0,0,-5.47157E-07
1.20064E-06,3,0,0,0,-4.5351E-07
1.20097E-06,3,0,0,0,-2.80658E-07
1.2015E-06,3,0,0,0,-1.25057E-07
1.20256E-06,3,0,0,0,-1.07265E-09
1.20407E-06,3,0,0,0,2.70324E-08
1.2061E-06,3,0,0,0,6.63105E-09
1.209E-06,3,0,0,0,-1.06684E-08
1.21318E-06,3,0,0,0,-1.49595E-08
1.21806E-06,3,0,0,0,-1.42845E-08
1.22294E-06,3,0,0,0,-1.13539E-08
1.22783E-06,3,0,0,0,-8.1075E-09
1.23271E-06,3,0,0,0,-5.48801E-09
1.23759E-06,3,0,0,0,-3.50694E-09
1.24248E-06,3,0,0,0,-2.10311E-09
1.24736E-06,3,0,0,0,-1.11184E-09
1.25224E-06,3,0,0,0,-4.32602E-10
1.25712E-06,3,0,0,0,3.58007E-11
1.26201E-06,3,0,0,0,3.51799E-10
1.26689E-06,3,0,0,0,5.67189E-10
1.27177E-06,3,0,0,0,7.11156E-10
1.27665E-06,3,0,0,0,8.08443E-10
1.28154E-06,3,0,0,0,8.72767E-10
1.28642E-06,3,0,0,0,9.16275E-10
1.2913E-06,3,0,0,0,9.04317E-10
1.29512E-06,3,0,0,0,9.20168E-10
1.3E-06,2.999995,0,0,0,-2.94329E-05
1.30001E-06,0,0,0,0,-8.65121E-06
1.30003E-06,0,0,0,0,2.84182E-05
1.30003E-06,0,0,0,0,1.24284E-06
1.30004E-06,0,0,0,0,-1.99681E-05
1.30005E-06,0,0,0,0,-1.06758E-06
1.30007E-06,0,0,0,0,-1.23607E-06
1.3001E-06,0,0,0,0,-4.37112E-08
1.30013E-06,0,0,0,0,-1.74095E-07
1.30017E-06,0,0,0,0,6.31654E-09
1.30021E-06,0,0,0,0,-9.57724E-08
1.30027E-06,0,0,0,0,2.27315E-08
1.30034E-06,0,0,0,0,-5.53409E-08
1.30043E-06,0,0,0,0,2.19791E-08
1.30056E-06,0,0,0,0,-3.44395E-08
1.30081E-06,0,0,0,0,-4.73352E-10
1.30105E-06,0,0,0,0,-3.02295E-09
1.30131E-06,0,0,0,0,5.59321E-09
1.30162E-06,0,0,0,0,-9.25905E-09
1.30213E-06,0,0,0,0,6.90372E-09
1.30296E-06,0,0,0,0,-1.54783E-09
1.30408E-06,0,0,0,0,3.85524E-09
1.30599E-06,0,0,0,0,-1.89991E-10
1.30871E-06,0,0,0,0,1.20067E-09
1.31162E-06,0,0,0,0,1.26736E-09
1.31427E-06,0,0,0,0,1.46022E-09
1.3174E-06,0,0,0,0,7.53191E-10
1.3209E-06,0,0,0,0,1.63212E-09
1.32578E-06,0,0,0,0,1.00795E-09
1.33066E-06,0,0,0,0,1.00971E-09
1.34043E-06,0,0,0,0,1.00965E-09
1.34531E-06,0,0,0,0,1.07191E-09
0.00000135,0,0,0,0,-2.15572E-06
1.35E-06,0,3,0,0,-1.70193E-06
1.35E-06,0,3,0,0,-2.18367E-07
1.35E-06,0,3,0,0,-6.13009E-08
1.35E-06,0,3,0,0,-3.73156E-08
1.35001E-06,0,3,0,0,-1.42171E-08
1.35001E-06,0,3,0,0,-3.38716E-09
1.35001E-06,0,3,0,0,3.72013E-10
1.35002E-06,0,3,0,0,7.76916E-10
1.35003E-06,0,3,0,0,7.77297E-10
1.35004E-06,0,3,0,0,9.32793E-10
1.35005E-06,0,3,0,0,1.04459E-09
1.35007E-06,0,3,0,0,1.07924E-09
1.35009E-06,0,3,0,0,1.05398E-09
1.35013E-06,0,3,0,0,1.02723E-09
1.35018E-06,0,3,0,0,1.01441E-09
1.35027E-06,0,3,0,0,1.00914E-09
1.35038E-06,0,3,0,0,1.00683E-09
1.35054E-06,0,3,0,0,1.00599E-09
1.35073E-06,0,3,0,0,1.00543E-09
1.35097E-06,0,3,0,0,1.00497E-09
1.35125E-06,0,3,0,0,1.00462E-09
1.35162E-06,0,3,0,0,1.00467E-09
1.35218E-06,0,3,0,0,1.0049E-09
1.35269E-06,0,3,0,0,1.00505E-09
1.3533E-06,0,3,0,0,1.00519E-09
1.35386E-06,0,3,0,0,1.00528E-09
1.35454E-06,0,3,0,0,1.00527E-09
1.35503E-06,0,3,0,0,1.00518E-09
1.35556E-06,0,3,0,0,1.00508E-09
1.35611E-06,0,3,0,0,1.00506E-09
1.35682E-06,0,3,0,0,1.0051E-09
1.35754E-06,0,3,0,0,1.00516E-09
1.35832E-06,0,3,0,0,1.00518E-09
1.35914E-06,0,3,0,0,1.00516E-09
1.36002E-06,0,3,0,0,1.00512E-09
1.361E-06,0,3,0,0,1.00513E-09
1.36213E-06,0,3,0,0,1.00514E-09
1.36332E-06,0,3,0,0,1.00515E-09
1.36482E-06,0,3,0,0,1.00513E-09
1.36634E-06,0,3,0,0,1.00514E-09
1.36841E-06,0,3,0,0,1.00514E-09
1.37052E-06,0,3,0,0,1.00514E-09
1.37373E-06,0,3,0,0,1.00514E-09
1.37675E-06,0,3,0,0,1.00514E-09
1.38119E-06,0,3,0,0,1.00514E-09
1.38608E-06,0,3,0,0,1.00514E-09
1.39096E-06,0,3,0,0,1.00514E-09
1.39584E-06,0,3,0,0,1.00514E-09
1.40072E-06,0,3,0,0,1.00514E-09
1.40561E-06,0,3,0,0,1.00514E-09
1.41049E-06,0,3,0,0,1.00514E-09
1.41537E-06,0,3,0,0,1.00514E-09
1.42026E-06,0,3,0,0,1.00514E-09
1.42514E-06,0,3,0,0,1.00514E-09
1.43002E-06,0,3,0,0,1.00514E-09
1.4349E-06,0,3,0,0,1.00514E-09
1.43979E-06,0,3,0,0,1.00514E-09
1.44467E-06,0,3,0,0,1.0051E-09
1.44512E-06,0,3,0,0,1.00512E-09
1.44601E-06,0,3,0,0,1.00515E-09
1.4478E-06,0,3,0,0,1.00514E-09
0.00000145,0,3,0,0,9.97608E-10
1.45001E-06,0,3,3,0,9.9292E-10
1.45002E-06,0,3,3,0,9.68863E-10
1.45002E-06,0,3,3,0,9.60656E-10
1.45003E-06,0,3,3,0,9.52206E-10
1.45004E-06,0,3,3,0,9.50597E-10
1.45005E-06,0,3,3,0,9.70593E-10
1.45007E-06,0,3,3,0,1.00105E-09
1.4501E-06,0,3,3,0,1.01939E-09
1.45013E-06,0,3,3,0,1.02068E-09
1.45017E-06,0,3,3,0,1.01545E-09
1.45023E-06,0,3,3,0,1.01105E-09
1.4503E-06,0,3,3,0,1.00828E-09
1.4504E-06,0,3,3,0,1.00676E-09
1.45051E-06,0,3,3,0,1.00593E-09
1.45066E-06,0,3,3,0,1.0055E-09
1.45084E-06,0,3,3,0,1.00523E-09
1.45108E-06,0,3,3,0,1.00503E-09
1.4514E-06,0,3,3,0,1.00491E-09
1.45185E-06,0,3,3,0,1.00493E-09
1.45243E-06,0,3,3,0,1.00503E-09
1.45302E-06,0,3,3,0,1.0051E-09
1.45371E-06,0,3,3,0,1.00514E-09
1.45448E-06,0,3,3,0,1.00516E-09
1.45535E-06,0,3,3,0,1.00515E-09
1.45636E-06,0,3,3,0,1.00514E-09
1.45753E-06,0,3,3,0,1.00513E-09
1.459E-06,0,3,3,0,1.00514E-09
1.46037E-06,0,3,3,0,1.00514E-09
1.46164E-06,0,3,3,0,1.00514E-09
1.46294E-06,0,3,3,0,1.00514E-09
1.46459E-06,0,3,3,0,1.00514E-09
1.46624E-06,0,3,3,0,1.00514E-09
1.46933E-06,0,3,3,0,1.00514E-09
1.47421E-06,0,3,3,0,1.00514E-09
1.4791E-06,0,3,3,0,1.00514E-09
1.48398E-06,0,3,3,0,1.00514E-09
1.48886E-06,0,3,3,0,1.00514E-09
1.54512E-06,0,3,3,0,1.00514E-09
1.55E-06,0,3,3,0,1.00514E-09
1.55488E-06,0,3,0,0,1.00514E-09
1.55512E-06,0,3,0,0,1.00514E-09
1.55559E-06,0,3,0,0,1.00514E-09
1.55652E-06,0,3,0,0,1.00514E-09
1.55813E-06,0,3,0,0,1.00514E-09
1.56E-06,0,3,0,0,8.99282E-10
1.56E-06,0,0,0,0,8.87747E-10
1.56001E-06,0,0,0,0,9.83216E-10
1.56002E-06,0,0,0,0,1.0594E-09
1.56002E-06,0,0,0,0,1.12087E-09
1.56002E-06,0,0,0,0,1.11674E-09
1.56003E-06,0,0,0,0,1.09263E-09
1.56004E-06,0,0,0,0,1.05887E-09
1.56005E-06,0,0,0,0,1.03022E-09
1.56007E-06,0,0,0,0,1.01113E-09
1.56011E-06,0,0,0,0,1.00511E-09
1.56017E-06,0,0,0,0,1.00546E-09
1.56029E-06,0,0,0,0,1.00546E-09
1.56055E-06,0,0,0,0,1.00522E-09
1.56092E-06,0,0,0,0,1.00516E-09
1.56141E-06,0,0,0,0,1.00513E-09
1.56225E-06,0,0,0,0,1.00513E-09
1.56336E-06,0,0,0,0,1.00513E-09
1.56453E-06,0,0,0,0,1.00514E-09
1.56646E-06,0,0,0,0,1.00514E-09
1.56895E-06,0,0,0,0,1.00514E-09
1.57383E-06,0,0,0,0,1.00514E-09
1.57872E-06,0,0,0,0,1.00514E-09
1.5836E-06,0,0,0,0,1.00514E-09
1.58848E-06,0,0,0,0,1.00514E-09
1.59825E-06,0,0,0,0,1.00514E-09
1.60313E-06,0,0,0,0,1.00514E-09
1.60801E-06,0,0,0,0,1.00514E-09
1.6129E-06,0,0,0,0,1.00514E-09
1.62464E-06,0,0,0,0,1.00514E-09
1.63639E-06,0,0,0,0,1.00514E-09
1.64813E-06,0,0,0,0,1.00514E-09
1.65988E-06,0,0,0,0,1.00514E-09
1.67163E-06,0,0,0,0,1.00514E-09
1.68337E-06,0,0,0,0,1.00514E-09
1.69512E-06,0,0,0,0,1.00514E-09
0.0000017,0,0,0,0,2.62073E-05
1.70001E-06,3,0,0,0,2.15566E-05
1.70004E-06,3,0,0,0,6.13419E-06
1.70005E-06,3,0,0,0,1.7176E-06
1.70006E-06,3,0,0,0,-4.05554E-06
1.70007E-06,3,0,0,0,-5.27439E-06
1.7001E-06,3,0,0,0,-1.10984E-06
1.70016E-06,3,0,0,0,-1.3896E-06
1.70028E-06,3,0,0,0,-6.7695E-07
1.70051E-06,3,0,0,0,-6.34275E-07
1.70079E-06,3,0,0,0,-1.05183E-05
1.70084E-06,3,0,0,0,-8.35833E-06
1.70095E-06,3,0,0,0,-2.59773E-07
1.70116E-06,3,0,0,0,-2.88663E-07
1.70121E-06,3,0,0,0,-1.6715E-07
1.70123E-06,3,0,0,0,-1.21992E-07
1.70125E-06,3,0,0,0,-8.48693E-08
1.70126E-06,3,0,0,0,-7.76487E-08
1.70127E-06,3,0,0,0,-6.84336E-08
1.7013E-06,3,0,0,0,-5.59748E-08
1.70135E-06,3,0,0,0,-4.02957E-08
1.70146E-06,3,0,0,0,-1.98353E-08
1.70167E-06,3,0,0,0,7.07045E-09
1.70209E-06,3,0,0,0,3.46429E-08
1.70288E-06,3,0,0,0,4.60824E-08
1.7039E-06,3,0,0,0,3.29585E-08
1.70593E-06,3,0,0,0,-1.42073E-09
1.70832E-06,3,0,0,0,-2.08311E-08
1.71074E-06,3,0,0,0,-2.00486E-08
1.71238E-06,3,0,0,0,-1.38244E-08
1.71444E-06,3,0,0,0,-6.41589E-09
1.71679E-06,3,0,0,0,-1.83014E-09
1.72025E-06,3,0,0,0,1.43014E-09
1.72081E-06,3,0,0,0,1.43874E-09
1.72192E-06,3,0,0,0,-5.88691E-09
1.72207E-06,3,0,0,0,-6.33406E-08
1.72238E-06,3,0,0,0,-1.21685E-06
1.72277E-06,3,0,0,0,-7.00429E-06
1.72296E-06,3,0,0,0,-1.61045E-05
1.72309E-06,3,0,0,0,-3.50987E-05
1.7232E-06,3,0,0,0,-7.18693E-05
1.72332E-06,3,0,0,0,-0.000143375
1.72345E-06,3,0,0,0,-0.000252867
1.72355E-06,3,0,0,0,0.002671853
1.72367E-06,3,0,0,0,0.0175002
1.72369E-06,3,0,0,0,0.03104255
1.72372E-06,3,0,0,0,0.0892292
1.72373E-06,3,0,0,0,0.1082916
1.72374E-06,3,0,0,0,0.1808997
1.72376E-06,3,0,0,0,0.3596994
1.72377E-06,3,0,0,0,0.5691462
1.72379E-06,3,0,0,0,0.8643951
1.7238E-06,3,0,0,0,1.081967
1.72381E-06,3,0,0,0,1.29233
1.72381E-06,3,0,0,0,1.500646
1.72382E-06,3,0,0,0,1.674382
1.72382E-06,3,0,0,0,1.737064
1.72383E-06,3,0,0,0,1.778126
1.72383E-06,3,0,0,0,1.790089
1.72383E-06,3,0,0,0,1.79505
1.72384E-06,3,0,0,0,1.797777
1.72384E-06,3,0,0,0,1.799114
1.72385E-06,3,0,0,0,1.799422
1.72386E-06,3,0,0,0,1.799684
1.72387E-06,3,0,0,0,1.79997
1.7239E-06,3,0,0,0,1.800155
1.72392E-06,3,0,0,0,1.800186
1.72397E-06,3,0,0,0,1.800181
1.72406E-06,3,0,0,0,1.800165
1.72424E-06,3,0,0,0,1.800137
1.72447E-06,3,0,0,0,1.80011
1.72472E-06,3,0,0,0,1.800087
1.72501E-06,3,0,0,0,1.800069
1.72536E-06,3,0,0,0,1.800063
1.72539E-06,3,0,0,0,1.80006
1.72545E-06,3,0,0,0,1.800052
1.72546E-06,3,0,0,0,1.800052
1.72547E-06,3,0,0,0,1.800052
1.72547E-06,3,0,0,0,1.800052
1.72547E-06,3,0,0,0,1.800052
1.72548E-06,3,0,0,0,1.800052
1.72549E-06,3,0,0,0,1.800052
1.72549E-06,3,0,0,0,1.800052
1.72549E-06,3,0,0,0,1.800052
1.7255E-06,3,0,0,0,1.800051
1.72551E-06,3,0,0,0,1.800051
1.72554E-06,3,0,0,0,1.80005
1.7256E-06,3,0,0,0,1.800047
1.72571E-06,3,0,0,0,1.800042
1.72593E-06,3,0,0,0,1.800034
1.72638E-06,3,0,0,0,1.800025
1.72691E-06,3,0,0,0,1.800018
1.72789E-06,3,0,0,0,1.80001
1.72987E-06,3,0,0,0,1.800004
1.73181E-06,3,0,0,0,1.800001
1.73467E-06,3,0,0,0,1.8
1.73809E-06,3,0,0,0,1.8
1.74297E-06,3,0,0,0,1.8
1.74785E-06,3,0,0,0,1.8
1.75274E-06,3,0,0,0,1.8
1.75762E-06,3,0,0,0,1.8
1.7625E-06,3,0,0,0,1.8
1.76738E-06,3,0,0,0,1.8
1.77227E-06,3,0,0,0,1.8
1.77715E-06,3,0,0,0,1.8
1.78203E-06,3,0,0,0,1.8
1.78692E-06,3,0,0,0,1.8
1.7918E-06,3,0,0,0,1.8
1.79512E-06,3,0,0,0,1.8
1.8E-06,2.999995,0,0,0,1.799694
1.80001E-06,0,0,0,0,1.799835
1.80004E-06,0,0,0,0,1.800265
1.80004E-06,0,0,0,0,1.800168
1.80005E-06,0,0,0,0,1.800049
1.80006E-06,0,0,0,0,1.800069
1.80007E-06,0,0,0,0,1.80004
1.80009E-06,0,0,0,0,1.800037
1.80011E-06,0,0,0,0,1.800017
1.80015E-06,0,0,0,0,1.80001
1.80021E-06,0,0,0,0,1.800002
1.8003E-06,0,0,0,0,1.800001
1.80047E-06,0,0,0,0,1.8
1.80069E-06,0,0,0,0,1.8
1.80096E-06,0,0,0,0,1.8
1.80129E-06,0,0,0,0,1.8
1.80181E-06,0,0,0,0,1.8
1.8026E-06,0,0,0,0,1.8
1.80375E-06,0,0,0,0,1.8
1.80487E-06,0,0,0,0,1.8
1.80619E-06,0,0,0,0,1.8
1.80766E-06,0,0,0,0,1.8
1.80865E-06,0,0,0,0,1.8
1.80923E-06,0,0,0,0,1.8
1.80985E-06,0,0,0,0,1.8
1.81048E-06,0,0,0,0,1.8
1.81093E-06,0,0,0,0,1.8
1.81142E-06,0,0,0,0,1.8
1.81207E-06,0,0,0,0,1.8
1.81284E-06,0,0,0,0,1.8
1.81372E-06,0,0,0,0,1.8
1.8148E-06,0,0,0,0,1.8
1.8164E-06,0,0,0,0,1.8
1.81895E-06,0,0,0,0,1.8
1.82384E-06,0,0,0,0,1.8
1.82872E-06,0,0,0,0,1.8
1.8336E-06,0,0,0,0,1.8
1.83849E-06,0,0,0,0,1.8
1.84337E-06,0,0,0,0,1.8
1.84512E-06,0,0,0,0,1.8
1.8465E-06,0,0,0,0,1.8
1.84723E-06,0,0,0,0,1.8
1.84867E-06,0,0,0,0,1.8
0.00000185,0,0,0,0,1.799978
1.85E-06,0,3,0,0,1.799985
1.85001E-06,0,3,0,0,1.800002
1.85001E-06,0,3,0,0,1.800001
1.85001E-06,0,3,0,0,1.8
1.85002E-06,0,3,0,0,1.8
1.85002E-06,0,3,0,0,1.8
1.85003E-06,0,3,0,0,1.8
1.85004E-06,0,3,0,0,1.8
1.85005E-06,0,3,0,0,1.8
1.85008E-06,0,3,0,0,1.8
1.85012E-06,0,3,0,0,1.8
1.8502E-06,0,3,0,0,1.8
1.85032E-06,0,3,0,0,1.8
1.85045E-06,0,3,0,0,1.8
1.85066E-06,0,3,0,0,1.8
1.85092E-06,0,3,0,0,1.8
1.85117E-06,0,3,0,0,1.8
1.8514E-06,0,3,0,0,1.8
1.8516E-06,0,3,0,0,1.8
1.85182E-06,0,3,0,0,1.8
1.85206E-06,0,3,0,0,1.8
1.85226E-06,0,3,0,0,1.8
1.85252E-06,0,3,0,0,1.8
1.8528E-06,0,3,0,0,1.8
1.85318E-06,0,3,0,0,1.8
1.85356E-06,0,3,0,0,1.8
1.85404E-06,0,3,0,0,1.8
1.85449E-06,0,3,0,0,1.8
1.85502E-06,0,3,0,0,1.8
1.8556E-06,0,3,0,0,1.8
1.85617E-06,0,3,0,0,1.8
1.85683E-06,0,3,0,0,1.8
1.85742E-06,0,3,0,0,1.8
1.85825E-06,0,3,0,0,1.8
1.85912E-06,0,3,0,0,1.8
1.85995E-06,0,3,0,0,1.8
1.86097E-06,0,3,0,0,1.8
1.86216E-06,0,3,0,0,1.8
1.86348E-06,0,3,0,0,1.8
1.86525E-06,0,3,0,0,1.8
1.86696E-06,0,3,0,0,1.8
1.86962E-06,0,3,0,0,1.8
1.87287E-06,0,3,0,0,1.8
1.87602E-06,0,3,0,0,1.8
1.88091E-06,0,3,0,0,1.8
1.88579E-06,0,3,0,0,1.8
1.89067E-06,0,3,0,0,1.8
1.89555E-06,0,3,0,0,1.8
1.90044E-06,0,3,0,0,1.8
1.90532E-06,0,3,0,0,1.8
1.9102E-06,0,3,0,0,1.8
1.91509E-06,0,3,0,0,1.8
1.91997E-06,0,3,0,0,1.8
1.92485E-06,0,3,0,0,1.8
1.92973E-06,0,3,0,0,1.8
1.93462E-06,0,3,0,0,1.8
1.9395E-06,0,3,0,0,1.8
1.94438E-06,0,3,0,0,1.8
1.94512E-06,0,3,0,0,1.8
1.94659E-06,0,3,0,0,1.8
1.94706E-06,0,3,0,0,1.8
1.94801E-06,0,3,0,0,1.8
1.94831E-06,0,3,0,0,1.8
1.94871E-06,0,3,0,0,1.8
1.9492E-06,0,3,0,0,1.8
0.00000195,0,3,0,0,1.8
1.95E-06,0,3,3,0,1.8
1.95001E-06,0,3,3,0,1.8
1.95001E-06,0,3,3,0,1.8
1.95001E-06,0,3,3,0,1.8
1.95001E-06,0,3,3,0,1.8
1.95002E-06,0,3,3,0,1.8
1.95003E-06,0,3,3,0,1.8
1.95003E-06,0,3,3,0,1.8
1.95005E-06,0,3,3,0,1.8
1.95006E-06,0,3,3,0,1.8
1.95008E-06,0,3,3,0,1.8
1.95012E-06,0,3,3,0,1.8
1.95019E-06,0,3,3,0,1.8
1.95032E-06,0,3,3,0,1.8
1.95048E-06,0,3,3,0,1.8
1.95065E-06,0,3,3,0,1.8
1.95088E-06,0,3,3,0,1.8
1.95114E-06,0,3,3,0,1.8
1.95144E-06,0,3,3,0,1.8
1.95184E-06,0,3,3,0,1.8
1.95251E-06,0,3,3,0,1.8
1.95347E-06,0,3,3,0,1.8
1.95445E-06,0,3,3,0,1.8
1.95575E-06,0,3,3,0,1.8
1.95713E-06,0,3,3,0,1.8
1.95854E-06,0,3,3,0,1.8
1.95915E-06,0,3,3,0,1.8
1.95964E-06,0,3,3,0,1.8
1.96023E-06,0,3,3,0,1.8
1.96056E-06,0,3,3,0,1.8
1.96102E-06,0,3,3,0,1.8
1.9615E-06,0,3,3,0,1.8
1.96215E-06,0,3,3,0,1.8
1.96285E-06,0,3,3,0,1.8
1.96375E-06,0,3,3,0,1.8
1.96483E-06,0,3,3,0,1.8
1.96631E-06,0,3,3,0,1.8
1.96872E-06,0,3,3,0,1.8
1.97148E-06,0,3,3,0,1.8
1.9743E-06,0,3,3,0,1.8
1.97918E-06,0,3,3,0,1.8
1.98407E-06,0,3,3,0,1.8
1.99383E-06,0,3,3,0,1.8
2.04512E-06,0,3,3,0,1.8
2.05E-06,0,3,3,0,1.8
2.05488E-06,0,3,0,0,1.8
2.05512E-06,0,3,0,0,1.8
2.05559E-06,0,3,0,0,1.8
2.05652E-06,0,3,0,0,1.8
2.05813E-06,0,3,0,0,1.8
2.06E-06,0,3,0,0,1.8
2.06001E-06,0,0,0,0,1.8
2.06002E-06,0,0,0,0,1.8
2.06002E-06,0,0,0,0,1.8
2.06002E-06,0,0,0,0,1.8
2.06003E-06,0,0,0,0,1.8
2.06003E-06,0,0,0,0,1.8
2.06004E-06,0,0,0,0,1.8
2.06006E-06,0,0,0,0,1.8
2.06009E-06,0,0,0,0,1.8
2.06014E-06,0,0,0,0,1.8
2.06023E-06,0,0,0,0,1.8
2.0604E-06,0,0,0,0,1.8
2.06066E-06,0,0,0,0,1.8
2.06118E-06,0,0,0,0,1.8
2.06171E-06,0,0,0,0,1.8
2.0626E-06,0,0,0,0,1.8
2.06391E-06,0,0,0,0,1.8
2.06535E-06,0,0,0,0,1.8
2.06756E-06,0,0,0,0,1.8
2.07075E-06,0,0,0,0,1.8
2.07539E-06,0,0,0,0,1.8
2.08516E-06,0,0,0,0,1.8
2.1877E-06,0,0,0,0,1.8
2.19512E-06,0,0,0,0,1.8
0.0000022,0,0,0,0,1.798049
2.20001E-06,3,0,0,0,1.798908
2.20003E-06,3,0,0,0,1.802118
2.20003E-06,3,0,0,0,1.800801
2.20004E-06,3,0,0,0,1.799202
2.20004E-06,3,0,0,0,1.799818
2.20005E-06,3,0,0,0,1.79997
2.20006E-06,3,0,0,0,1.799942
2.20007E-06,3,0,0,0,1.80002
2.20009E-06,3,0,0,0,1.799981
2.20011E-06,3,0,0,0,1.799748
2.20011E-06,3,0,0,0,1.799902
2.20011E-06,3,0,0,0,1.799968
2.20011E-06,3,0,0,0,1.799999
2.20012E-06,3,0,0,0,1.800005
2.20012E-06,3,0,0,0,1.800004
2.20012E-06,3,0,0,0,1.800006
2.20012E-06,3,0,0,0,1.800006
2.20013E-06,3,0,0,0,1.800007
2.20013E-06,3,0,0,0,1.800007
2.20014E-06,3,0,0,0,1.800007
2.20015E-06,3,0,0,0,1.800007
2.20019E-06,3,0,0,0,1.800006
2.20025E-06,3,0,0,0,1.800006
2.20035E-06,3,0,0,0,1.800004
2.20047E-06,3,0,0,0,1.800004
2.2006E-06,3,0,0,0,1.800003
2.20077E-06,3,0,0,0,1.800003
2.20104E-06,3,0,0,0,1.800002
2.20147E-06,3,0,0,0,1.800002
2.20235E-06,3,0,0,0,1.800001
2.20409E-06,3,0,0,0,1.8
2.2057E-06,3,0,0,0,1.8
2.20745E-06,3,0,0,0,1.8
2.209E-06,3,0,0,0,1.8
2.211E-06,3,0,0,0,1.8
2.21309E-06,3,0,0,0,1.8
2.21651E-06,3,0,0,0,1.8
2.22099E-06,3,0,0,0,1.8
2.22386E-06,3,0,0,0,1.8
2.22447E-06,3,0,0,0,1.8
2.22569E-06,3,0,0,0,1.800001
2.22681E-06,3,0,0,0,1.800006
2.22688E-06,3,0,0,0,1.800009
2.22701E-06,3,0,0,0,1.800033
2.22714E-06,3,0,0,0,1.800047
2.22727E-06,3,0,0,0,1.796824
2.22737E-06,3,0,0,0,1.777029
2.22743E-06,3,0,0,0,1.728655
2.22749E-06,3,0,0,0,1.654979
2.22753E-06,3,0,0,0,1.607374
2.22757E-06,3,0,0,0,1.55036
2.22759E-06,3,0,0,0,1.481112
2.22762E-06,3,0,0,0,1.251579
2.22764E-06,3,0,0,0,0.9667316
2.22766E-06,3,0,0,0,0.5736667
2.22767E-06,3,0,0,0,0.2318839
2.22768E-06,3,0,0,0,0.08984504
2.22769E-06,3,0,0,0,0.01978049
2.2277E-06,3,0,0,0,0.003592834
2.2277E-06,3,0,0,0,0.00189143
2.22772E-06,3,0,0,0,0.00118953
2.22774E-06,3,0,0,0,0.000635607
2.22777E-06,3,0,0,0,0.000398922
2.22781E-06,3,0,0,0,0.000294195
2.22785E-06,3,0,0,0,0.000232473
2.22793E-06,3,0,0,0,0.000170169
2.22804E-06,3,0,0,0,0.000102204
2.22812E-06,3,0,0,0,4.73139E-05
2.22821E-06,3,0,0,0,-6.36485E-06
2.22828E-06,3,0,0,0,-1.38293E-05
2.22836E-06,3,0,0,0,-1.02761E-05
2.22845E-06,3,0,0,0,-2.08106E-05
2.22846E-06,3,0,0,0,-1.79035E-05
2.22849E-06,3,0,0,0,-8.82003E-06
2.22854E-06,3,0,0,0,-8.50037E-06
2.22855E-06,3,0,0,0,-8.15417E-06
2.22856E-06,3,0,0,0,-8.06201E-06
2.22857E-06,3,0,0,0,-7.99662E-06
2.22858E-06,3,0,0,0,-7.86355E-06
2.22859E-06,3,0,0,0,-7.75185E-06
2.22861E-06,3,0,0,0,-7.49505E-06
2.22865E-06,3,0,0,0,-7.0764E-06
2.2287E-06,3,0,0,0,-6.55377E-06
2.2288E-06,3,0,0,0,-5.62786E-06
2.22901E-06,3,0,0,0,-4.15462E-06
2.2293E-06,3,0,0,0,-2.7315E-06
2.22962E-06,3,0,0,0,-1.73863E-06
2.2301E-06,3,0,0,0,-9.40011E-07
2.23068E-06,3,0,0,0,-4.35229E-07
2.23148E-06,3,0,0,0,-1.26858E-07
2.23248E-06,3,0,0,0,1.40053E-08
2.23397E-06,3,0,0,0,5.29425E-08
2.23601E-06,3,0,0,0,2.77273E-08
2.23877E-06,3,0,0,0,-5.25272E-09
2.24204E-06,3,0,0,0,-1.48058E-08
2.24677E-06,3,0,0,0,-1.45379E-08
2.25165E-06,3,0,0,0,-1.23783E-08
2.25653E-06,3,0,0,0,-9.04512E-09
2.26141E-06,3,0,0,0,-6.25895E-09
2.2663E-06,3,0,0,0,-4.06019E-09
2.27118E-06,3,0,0,0,-2.50096E-09
2.27606E-06,3,0,0,0,-1.38584E-09
2.28095E-06,3,0,0,0,-6.21061E-10
2.28583E-06,3,0,0,0,-9.29612E-11
2.29071E-06,3,0,0,0,2.65766E-10
2.29559E-06,3,0,0,0,5.10909E-10
2.3E-06,3,0,0,0,-2.95036E-05
2.30001E-06,0,0,0,0,-8.73874E-06
2.30003E-06,0,0,0,0,2.84479E-05
2.30003E-06,0,0,0,0,1.29667E-06
2.30004E-06,0,0,0,0,-1.99293E-05
2.30005E-06,0,0,0,0,-1.09061E-06
2.30007E-06,0,0,0,0,-1.25985E-06
2.30009E-06,0,0,0,0,-4.86422E-08
2.30013E-06,0,0,0,0,-1.83602E-07
2.30017E-06,0,0,0,0,3.31089E-09
2.30021E-06,0,0,0,0,-9.7901E-08
2.30026E-06,0,0,0,0,2.15437E-08
2.30033E-06,0,0,0,0,-5.63021E-08
2.30042E-06,0,0,0,0,2.16376E-08
2.30054E-06,0,0,0,0,-3.43155E-08
2.30078E-06,0,0,0,0,-1.7617E-09
2.301E-06,0,0,0,0,-4.25781E-09
2.30126E-06,0,0,0,0,4.99076E-09
2.30155E-06,0,0,0,0,-9.79574E-09
2.30204E-06,0,0,0,0,6.47003E-09
2.3028E-06,0,0,0,0,-1.74149E-09
2.30385E-06,0,0,0,0,3.64961E-09
2.30555E-06,0,0,0,0,-8.3189E-10
2.30848E-06,0,0,0,0,5.49622E-10
2.31096E-06,0,0,0,0,6.85738E-10
2.31373E-06,0,0,0,0,1.26514E-09
2.31681E-06,0,0,0,0,8.03808E-10
2.32017E-06,0,0,0,0,1.68429E-09
2.32505E-06,0,0,0,0,1.00766E-09
2.32993E-06,0,0,0,0,1.00931E-09
2.3397E-06,0,0,0,0,1.0092E-09
2.34458E-06,0,0,0,0,1.30167E-08
2.34618E-06,0,0,0,0,-1.44444E-09
2.34786E-06,0,0,0,0,1.91535E-09
0.00000235,0,0,0,0,2.05486E-06
2.35E-06,0,3,0,0,1.64964E-06
2.35E-06,0,3,0,0,2.95788E-07
2.35E-06,0,3,0,0,1.35367E-07
2.35E-06,0,3,0,0,8.86611E-08
2.35001E-06,0,3,0,0,4.03201E-08
2.35001E-06,0,3,0,0,1.31823E-08
2.35001E-06,0,3,0,0,2.1001E-09
2.35002E-06,0,3,0,0,6.17427E-10
2.35002E-06,0,3,0,0,8.13549E-10
2.35003E-06,0,3,0,0,8.88816E-10
2.35005E-06,0,3,0,0,1.02802E-09
2.35007E-06,0,3,0,0,1.07391E-09
2.35009E-06,0,3,0,0,1.06003E-09
2.35013E-06,0,3,0,0,1.02793E-09
2.35017E-06,0,3,0,0,1.01631E-09
2.35026E-06,0,3,0,0,1.00922E-09
2.35036E-06,0,3,0,0,1.00724E-09
2.35052E-06,0,3,0,0,1.00597E-09
2.3507E-06,0,3,0,0,1.00557E-09
2.35095E-06,0,3,0,0,1.00497E-09
2.35122E-06,0,3,0,0,1.00472E-09
2.3516E-06,0,3,0,0,1.00463E-09
2.35214E-06,0,3,0,0,1.0049E-09
2.3527E-06,0,3,0,0,1.00505E-09
2.35324E-06,0,3,0,0,1.00518E-09
2.35382E-06,0,3,0,0,1.00527E-09
2.35445E-06,0,3,0,0,1.00524E-09
2.35492E-06,0,3,0,0,1.00517E-09
2.35549E-06,0,3,0,0,1.00507E-09
2.35601E-06,0,3,0,0,1.00503E-09
2.35674E-06,0,3,0,0,1.00509E-09
2.35743E-06,0,3,0,0,1.00514E-09
2.35823E-06,0,3,0,0,1.00518E-09
2.35902E-06,0,3,0,0,1.00515E-09
2.35991E-06,0,3,0,0,1.00513E-09
2.36088E-06,0,3,0,0,1.00512E-09
2.36198E-06,0,3,0,0,1.00515E-09
2.36313E-06,0,3,0,0,1.00514E-09
2.36457E-06,0,3,0,0,1.00514E-09
2.36602E-06,0,3,0,0,1.00513E-09
2.36796E-06,0,3,0,0,1.00514E-09
2.36992E-06,0,3,0,0,1.00513E-09
2.37267E-06,0,3,0,0,1.00514E-09
2.37554E-06,0,3,0,0,1.00514E-09
2.37951E-06,0,3,0,0,1.00514E-09
2.3844E-06,0,3,0,0,1.00514E-09
2.38928E-06,0,3,0,0,1.00514E-09
2.39416E-06,0,3,0,0,1.00514E-09
2.39905E-06,0,3,0,0,1.00514E-09
2.40393E-06,0,3,0,0,1.00514E-09
2.40881E-06,0,3,0,0,1.00514E-09
2.41369E-06,0,3,0,0,1.00514E-09
2.41858E-06,0,3,0,0,1.00514E-09
2.42346E-06,0,3,0,0,1.00514E-09
2.42834E-06,0,3,0,0,1.00514E-09
2.43322E-06,0,3,0,0,1.00514E-09
2.43811E-06,0,3,0,0,1.00514E-09
2.44299E-06,0,3,0,0,1.00515E-09
2.44512E-06,0,3,0,0,1.00509E-09
2.44575E-06,0,3,0,0,1.00511E-09
2.447E-06,0,3,0,0,1.00509E-09
2.44748E-06,0,3,0,0,1.0051E-09
2.44844E-06,0,3,0,0,1.00515E-09
0.00000245,0,3,0,0,1.01192E-09
2.45E-06,0,3,3,0,1.00542E-09
2.45001E-06,0,3,3,0,9.80553E-10
2.45002E-06,0,3,3,0,9.74295E-10
2.45002E-06,0,3,3,0,9.66005E-10
2.45003E-06,0,3,3,0,9.55383E-10
2.45004E-06,0,3,3,0,9.55083E-10
2.45005E-06,0,3,3,0,9.76403E-10
2.45007E-06,0,3,3,0,1.00315E-09
2.4501E-06,0,3,3,0,1.01894E-09
2.45013E-06,0,3,3,0,1.02002E-09
2.45017E-06,0,3,3,0,1.01516E-09
2.45023E-06,0,3,3,0,1.01094E-09
2.4503E-06,0,3,3,0,1.00828E-09
2.45039E-06,0,3,3,0,1.00677E-09
2.4505E-06,0,3,3,0,1.00595E-09
2.45064E-06,0,3,3,0,1.00552E-09
2.45082E-06,0,3,3,0,1.00524E-09
2.45106E-06,0,3,3,0,1.00504E-09
2.45138E-06,0,3,3,0,1.00492E-09
2.45187E-06,0,3,3,0,1.00494E-09
2.4525E-06,0,3,3,0,1.00504E-09
2.45308E-06,0,3,3,0,1.0051E-09
2.45382E-06,0,3,3,0,1.00515E-09
2.45461E-06,0,3,3,0,1.00516E-09
2.45555E-06,0,3,3,0,1.00515E-09
2.45653E-06,0,3,3,0,1.00513E-09
2.45786E-06,0,3,3,0,1.00514E-09
2.45942E-06,0,3,3,0,1.00514E-09
2.4609E-06,0,3,3,0,1.00514E-09
2.46243E-06,0,3,3,0,1.00514E-09
2.46423E-06,0,3,3,0,1.00514E-09
2.46594E-06,0,3,3,0,1.00514E-09
2.46874E-06,0,3,3,0,1.00514E-09
2.47363E-06,0,3,3,0,1.00514E-09
2.47851E-06,0,3,3,0,1.00514E-09
2.48339E-06,0,3,3,0,1.00514E-09
2.48827E-06,0,3,3,0,1.00514E-09
2.49316E-06,0,3,3,0,1.00514E-09
2.49804E-06,0,3,3,0,1.00514E-09
2.51269E-06,0,3,3,0,1.00514E-09
2.54512E-06,0,3,3,0,1.00514E-09
2.55E-06,0,3,3,0,1.00514E-09
2.55488E-06,0,3,0,0,1.00514E-09
2.55512E-06,0,3,0,0,1.00514E-09
2.55559E-06,0,3,0,0,1.00514E-09
2.55652E-06,0,3,0,0,1.00514E-09
2.55813E-06,0,3,0,0,1.00514E-09
2.56E-06,0,3,0,0,8.98776E-10
2.56E-06,0,0,0,0,8.87526E-10
2.56001E-06,0,0,0,0,9.84979E-10
2.56002E-06,0,0,0,0,1.06157E-09
2.56002E-06,0,0,0,0,1.12275E-09
2.56002E-06,0,0,0,0,1.11754E-09
2.56003E-06,0,0,0,0,1.09263E-09
2.56004E-06,0,0,0,0,1.05816E-09
2.56005E-06,0,0,0,0,1.02918E-09
2.56007E-06,0,0,0,0,1.01062E-09
2.56011E-06,0,0,0,0,1.00503E-09
2.56017E-06,0,0,0,0,1.00544E-09
2.5603E-06,0,0,0,0,1.00543E-09
2.56055E-06,0,0,0,0,1.00522E-09
2.56092E-06,0,0,0,0,1.00516E-09
2.56143E-06,0,0,0,0,1.00513E-09
2.56229E-06,0,0,0,0,1.00513E-09
2.56352E-06,0,0,0,0,1.00513E-09
2.56467E-06,0,0,0,0,1.00514E-09
2.56675E-06,0,0,0,0,1.00514E-09
2.56918E-06,0,0,0,0,1.00514E-09
2.57405E-06,0,0,0,0,1.00514E-09
2.57893E-06,0,0,0,0,1.00514E-09
2.58382E-06,0,0,0,0,1.00514E-09
2.5887E-06,0,0,0,0,1.00514E-09
2.59846E-06,0,0,0,0,1.00514E-09
2.60335E-06,0,0,0,0,1.00514E-09
2.60823E-06,0,0,0,0,1.00514E-09
2.61311E-06,0,0,0,0,1.00514E-09
2.618E-06,0,0,0,0,1.00514E-09
2.69512E-06,0,0,0,0,1.00514E-09
0.0000027,0,0,0,0,2.60522E-05
2.70001E-06,3,0,0,0,2.13017E-05
2.70004E-06,3,0,0,0,5.69858E-06
2.70005E-06,3,0,0,0,1.45488E-06
2.70006E-06,3,0,0,0,-4.04891E-06
2.70007E-06,3,0,0,0,-4.83776E-06
2.7001E-06,3,0,0,0,-1.02129E-06
2.70015E-06,3,0,0,0,-1.49177E-06
2.70025E-06,3,0,0,0,-6.78476E-07
2.70044E-06,3,0,0,0,-7.15839E-07
2.70072E-06,3,0,0,0,-3.87844E-07
2.70109E-06,3,0,0,0,9.36622E-06
2.70116E-06,3,0,0,0,2.23533E-06
2.70118E-06,3,0,0,0,-7.05091E-08
2.70122E-06,3,0,0,0,-1.31078E-07
2.70123E-06,3,0,0,0,-1.22593E-07
2.70125E-06,3,0,0,0,-9.21488E-08
2.70126E-06,3,0,0,0,-8.17635E-08
2.70128E-06,3,0,0,0,-6.57728E-08
2.70131E-06,3,0,0,0,-4.71173E-08
2.70139E-06,3,0,0,0,-2.77434E-08
2.70153E-06,3,0,0,0,-3.96733E-09
2.70183E-06,3,0,0,0,2.45541E-08
2.70242E-06,3,0,0,0,4.70536E-08
2.70331E-06,3,0,0,0,4.43188E-08
2.70487E-06,3,0,0,0,1.42015E-08
2.70643E-06,3,0,0,0,-1.01641E-08
2.70849E-06,3,0,0,0,-2.25721E-08
2.71061E-06,3,0,0,0,-2.03164E-08
2.71226E-06,3,0,0,0,-1.38938E-08
2.71442E-06,3,0,0,0,-6.14453E-09
2.71648E-06,3,0,0,0,-2.07614E-09
2.71983E-06,3,0,0,0,4.15862E-10
2.7223E-06,3,0,0,0,9.1722E-10
2.72292E-06,3,0,0,0,-9.48934E-09
2.72414E-06,3,0,0,0,-1.38465E-06
2.72454E-06,3,0,0,0,-6.38406E-06
2.72481E-06,3,0,0,0,-2.25849E-05
2.72498E-06,3,0,0,0,-5.74017E-05
2.7251E-06,3,0,0,0,-0.000115001
2.72526E-06,3,0,0,0,-0.000239991
2.72536E-06,3,0,0,0,0.002635011
2.72549E-06,3,0,0,0,0.01702777
2.72551E-06,3,0,0,0,0.02735989
2.72554E-06,3,0,0,0,0.07227484
2.72555E-06,3,0,0,0,0.09351292
2.72556E-06,3,0,0,0,0.1592483
2.72557E-06,3,0,0,0,0.183373
2.72557E-06,3,0,0,0,0.2555507
2.72559E-06,3,0,0,0,0.4432632
2.7256E-06,3,0,0,0,0.6236902
2.72562E-06,3,0,0,0,0.8603222
2.72562E-06,3,0,0,0,0.9071864
2.72562E-06,3,0,0,0,1.012022
2.72563E-06,3,0,0,0,1.141327
2.72564E-06,3,0,0,0,1.274392
2.72564E-06,3,0,0,0,1.436878
2.72565E-06,3,0,0,0,1.65162
2.72565E-06,3,0,0,0,1.720349
2.72565E-06,3,0,0,0,1.766045
2.72566E-06,3,0,0,0,1.785722
2.72566E-06,3,0,0,0,1.793005
2.72566E-06,3,0,0,0,1.796585
2.72567E-06,3,0,0,0,1.798641
2.72568E-06,3,0,0,0,1.799308
2.72568E-06,3,0,0,0,1.799529
2.7257E-06,3,0,0,0,1.79984
2.72571E-06,3,0,0,0,1.800098
2.72574E-06,3,0,0,0,1.800182
2.72578E-06,3,0,0,0,1.800184
2.72585E-06,3,0,0,0,1.800173
2.72598E-06,3,0,0,0,1.800149
2.72626E-06,3,0,0,0,1.800114
2.72657E-06,3,0,0,0,1.800087
2.72698E-06,3,0,0,0,1.800056
2.72703E-06,3,0,0,0,1.800056
2.72712E-06,3,0,0,0,1.800059
2.72712E-06,3,0,0,0,1.800059
2.72713E-06,3,0,0,0,1.800059
2.72713E-06,3,0,0,0,1.800059
2.72713E-06,3,0,0,0,1.800058
2.72714E-06,3,0,0,0,1.800058
2.72714E-06,3,0,0,0,1.800058
2.72715E-06,3,0,0,0,1.800058
2.72716E-06,3,0,0,0,1.800057
2.72716E-06,3,0,0,0,1.800057
2.72717E-06,3,0,0,0,1.800057
2.72718E-06,3,0,0,0,1.800056
2.7272E-06,3,0,0,0,1.800055
2.72725E-06,3,0,0,0,1.800053
2.72734E-06,3,0,0,0,1.800048
2.72752E-06,3,0,0,0,1.80004
2.72789E-06,3,0,0,0,1.800031
2.7284E-06,3,0,0,0,1.800022
2.72921E-06,3,0,0,0,1.800014
2.73082E-06,3,0,0,0,1.800006
2.73283E-06,3,0,0,0,1.800002
2.73544E-06,3,0,0,0,1.8
2.73877E-06,3,0,0,0,1.8
2.74365E-06,3,0,0,0,1.8
2.74854E-06,3,0,0,0,1.8
2.75342E-06,3,0,0,0,1.8
2.7583E-06,3,0,0,0,1.8
2.76319E-06,3,0,0,0,1.8
2.76807E-06,3,0,0,0,1.8
2.77295E-06,3,0,0,0,1.8
2.77783E-06,3,0,0,0,1.8
2.78272E-06,3,0,0,0,1.8
2.7876E-06,3,0,0,0,1.8
2.79248E-06,3,0,0,0,1.8
2.79512E-06,3,0,0,0,1.8
2.8E-06,3,0,0,0,1.799695
2.80001E-06,0,0,0,0,1.799836
2.80004E-06,0,0,0,0,1.800267
2.80004E-06,0,0,0,0,1.800169
2.80005E-06,0,0,0,0,1.800049
2.80006E-06,0,0,0,0,1.80007
2.80007E-06,0,0,0,0,1.80004
2.80009E-06,0,0,0,0,1.800037
2.80011E-06,0,0,0,0,1.800017
2.80015E-06,0,0,0,0,1.80001
2.80021E-06,0,0,0,0,1.800002
2.8003E-06,0,0,0,0,1.800001
2.80047E-06,0,0,0,0,1.8
2.80068E-06,0,0,0,0,1.8
2.80096E-06,0,0,0,0,1.8
2.80129E-06,0,0,0,0,1.8
2.80183E-06,0,0,0,0,1.8
2.80266E-06,0,0,0,0,1.8
2.80378E-06,0,0,0,0,1.8
2.80492E-06,0,0,0,0,1.8
2.80624E-06,0,0,0,0,1.8
2.80773E-06,0,0,0,0,1.8
2.80918E-06,0,0,0,0,1.8
2.80984E-06,0,0,0,0,1.8
2.81053E-06,0,0,0,0,1.8
2.811E-06,0,0,0,0,1.8
2.81142E-06,0,0,0,0,1.8
2.81188E-06,0,0,0,0,1.8
2.81264E-06,0,0,0,0,1.8
2.81336E-06,0,0,0,0,1.8
2.81427E-06,0,0,0,0,1.8
2.81534E-06,0,0,0,0,1.8
2.81708E-06,0,0,0,0,1.8
2.81991E-06,0,0,0,0,1.8
2.82479E-06,0,0,0,0,1.8
2.82968E-06,0,0,0,0,1.8
2.83456E-06,0,0,0,0,1.8
2.83944E-06,0,0,0,0,1.8
2.84432E-06,0,0,0,0,1.8
2.84512E-06,0,0,0,0,1.8
2.8467E-06,0,0,0,0,1.8
2.84683E-06,0,0,0,0,1.8
2.84707E-06,0,0,0,0,1.8
2.84756E-06,0,0,0,0,1.8
2.84824E-06,0,0,0,0,1.8
2.84865E-06,0,0,0,0,1.8
2.84918E-06,0,0,0,0,1.8
0.00000285,0,0,0,0,1.799978
2.85E-06,0,3,0,0,1.799984
2.85001E-06,0,3,0,0,1.800001
2.85001E-06,0,3,0,0,1.800002
2.85001E-06,0,3,0,0,1.8
2.85001E-06,0,3,0,0,1.8
2.85001E-06,0,3,0,0,1.8
2.85002E-06,0,3,0,0,1.8
2.85003E-06,0,3,0,0,1.8
2.85004E-06,0,3,0,0,1.8
2.85005E-06,0,3,0,0,1.8
2.85007E-06,0,3,0,0,1.8
2.85012E-06,0,3,0,0,1.8
2.85021E-06,0,3,0,0,1.8
2.85033E-06,0,3,0,0,1.8
2.85045E-06,0,3,0,0,1.8
2.85066E-06,0,3,0,0,1.8
2.85092E-06,0,3,0,0,1.8
2.85117E-06,0,3,0,0,1.8
2.85138E-06,0,3,0,0,1.8
2.85157E-06,0,3,0,0,1.8
2.85181E-06,0,3,0,0,1.8
2.85204E-06,0,3,0,0,1.8
2.85223E-06,0,3,0,0,1.8
2.85249E-06,0,3,0,0,1.8
2.85276E-06,0,3,0,0,1.8
2.85315E-06,0,3,0,0,1.8
2.85351E-06,0,3,0,0,1.8
2.85399E-06,0,3,0,0,1.8
2.85446E-06,0,3,0,0,1.8
2.85499E-06,0,3,0,0,1.8
2.85558E-06,0,3,0,0,1.8
2.85627E-06,0,3,0,0,1.8
2.8569E-06,0,3,0,0,1.8
2.85756E-06,0,3,0,0,1.8
2.85846E-06,0,3,0,0,1.8
2.85931E-06,0,3,0,0,1.8
2.86023E-06,0,3,0,0,1.8
2.86133E-06,0,3,0,0,1.8
2.86249E-06,0,3,0,0,1.8
2.8642E-06,0,3,0,0,1.8
2.86579E-06,0,3,0,0,1.8
2.86796E-06,0,3,0,0,1.8
2.87026E-06,0,3,0,0,1.8
2.87345E-06,0,3,0,0,1.8
2.8773E-06,0,3,0,0,1.8
2.88183E-06,0,3,0,0,1.8
2.88671E-06,0,3,0,0,1.8
2.8916E-06,0,3,0,0,1.8
2.89648E-06,0,3,0,0,1.8
2.90136E-06,0,3,0,0,1.8
2.90624E-06,0,3,0,0,1.8
2.91113E-06,0,3,0,0,1.8
2.91601E-06,0,3,0,0,1.8
2.92089E-06,0,3,0,0,1.8
2.92578E-06,0,3,0,0,1.8
2.93066E-06,0,3,0,0,1.8
2.93554E-06,0,3,0,0,1.8
2.94042E-06,0,3,0,0,1.8
2.94531E-06,0,3,0,0,1.8
0.00000295,0,3,0,0,1.8
2.95001E-06,0,3,3,0,1.8
2.95004E-06,0,3,3,0,1.8
2.95005E-06,0,3,3,0,1.8
2.95005E-06,0,3,3,0,1.8
2.95006E-06,0,3,3,0,1.8
2.95008E-06,0,3,3,0,1.8
2.95011E-06,0,3,3,0,1.8
2.95015E-06,0,3,3,0,1.8
2.95023E-06,0,3,3,0,1.8
2.95039E-06,0,3,3,0,1.8
2.95055E-06,0,3,3,0,1.8
2.95074E-06,0,3,3,0,1.8
2.951E-06,0,3,3,0,1.8
2.95129E-06,0,3,3,0,1.8
2.95162E-06,0,3,3,0,1.8
2.95209E-06,0,3,3,0,1.8
2.95279E-06,0,3,3,0,1.8
2.95353E-06,0,3,3,0,1.8
2.95438E-06,0,3,3,0,1.8
2.95528E-06,0,3,3,0,1.8
2.95645E-06,0,3,3,0,1.8
2.95744E-06,0,3,3,0,1.8
2.95871E-06,0,3,3,0,1.8
2.95936E-06,0,3,3,0,1.8
2.9598E-06,0,3,3,0,1.8
2.96045E-06,0,3,3,0,1.8
2.9608E-06,0,3,3,0,1.8
2.96117E-06,0,3,3,0,1.8
2.96157E-06,0,3,3,0,1.8
2.96213E-06,0,3,3,0,1.8
2.96278E-06,0,3,3,0,1.8
2.96353E-06,0,3,3,0,1.8
2.96448E-06,0,3,3,0,1.8
2.96568E-06,0,3,3,0,1.8
2.96737E-06,0,3,3,0,1.8
2.96957E-06,0,3,3,0,1.8
2.97204E-06,0,3,3,0,1.8
2.97526E-06,0,3,3,0,1.8
2.98014E-06,0,3,3,0,1.8
2.98502E-06,0,3,3,0,1.8
2.99479E-06,0,3,3,0,1.8
3.00225E-06,0,3,3,0,1.8
3.00971E-06,0,3,3,0,1.8
3.01716E-06,0,3,3,0,1.8
3.02462E-06,0,3,3,0,1.8
3.03208E-06,0,3,3,0,1.8
3.03954E-06,0,3,3,0,1.8
3.047E-06,0,3,3,0,1.8
3.05E-06,0,3,3,0,1.8
3.05488E-06,0,3,0,0,1.8
3.05512E-06,0,3,0,0,1.8
3.05559E-06,0,3,0,0,1.8
3.05652E-06,0,3,0,0,1.8
3.05813E-06,0,3,0,0,1.8
3.06E-06,0,3,0,0,1.8
3.06001E-06,0,0,0,0,1.8
3.06002E-06,0,0,0,0,1.8
3.06002E-06,0,0,0,0,1.8
3.06002E-06,0,0,0,0,1.8
3.06003E-06,0,0,0,0,1.8
3.06003E-06,0,0,0,0,1.8
3.06004E-06,0,0,0,0,1.8
3.06007E-06,0,0,0,0,1.8
3.06009E-06,0,0,0,0,1.8
3.06014E-06,0,0,0,0,1.8
3.06024E-06,0,0,0,0,1.8
3.06042E-06,0,0,0,0,1.8
3.0607E-06,0,0,0,0,1.8
3.06124E-06,0,0,0,0,1.8
3.06176E-06,0,0,0,0,1.8
3.06271E-06,0,0,0,0,1.8
3.06406E-06,0,0,0,0,1.8
3.0655E-06,0,0,0,0,1.8
3.06776E-06,0,0,0,0,1.8
3.07103E-06,0,0,0,0,1.8
3.07591E-06,0,0,0,0,1.8
3.08567E-06,0,0,0,0,1.8
3.18821E-06,0,0,0,0,1.8
3.1931E-06,0,0,0,0,1.8
3.19512E-06,0,0,0,0,1.8
3.19596E-06,0,0,0,0,1.8
3.19764E-06,0,0,0,0,1.8
0.0000032,0,0,0,0,1.796691
3.20001E-06,3,0,0,0,1.797867
3.20002E-06,3,0,0,0,1.804478
3.20002E-06,3,0,0,0,1.803324
3.20002E-06,3,0,0,0,1.79994
3.20003E-06,3,0,0,0,1.799569
3.20003E-06,3,0,0,0,1.79991
3.20004E-06,3,0,0,0,1.79983
3.20005E-06,3,0,0,0,1.799957
3.20006E-06,3,0,0,0,1.799961
3.20008E-06,3,0,0,0,1.799999
3.20011E-06,3,0,0,0,1.800097
3.20012E-06,3,0,0,0,1.800041
3.20012E-06,3,0,0,0,1.800019
3.20012E-06,3,0,0,0,1.800007
3.20012E-06,3,0,0,0,1.800006
3.20012E-06,3,0,0,0,1.800007
3.20012E-06,3,0,0,0,1.800007
3.20013E-06,3,0,0,0,1.800007
3.20014E-06,3,0,0,0,1.800007
3.20016E-06,3,0,0,0,1.800007
3.20019E-06,3,0,0,0,1.800007
3.20027E-06,3,0,0,0,1.800006
3.20037E-06,3,0,0,0,1.800005
3.2005E-06,3,0,0,0,1.800004
3.20063E-06,3,0,0,0,1.800003
3.20082E-06,3,0,0,0,1.800003
3.20111E-06,3,0,0,0,1.800002
3.20163E-06,3,0,0,0,1.800002
3.20267E-06,3,0,0,0,1.800001
3.20417E-06,3,0,0,0,1.8
3.20599E-06,3,0,0,0,1.8
3.20824E-06,3,0,0,0,1.8
3.21003E-06,3,0,0,0,1.8
3.21198E-06,3,0,0,0,1.8
3.21423E-06,3,0,0,0,1.8
3.21808E-06,3,0,0,0,1.8
3.22086E-06,3,0,0,0,1.8
3.22147E-06,3,0,0,0,1.8
3.22269E-06,3,0,0,0,1.800001
3.22396E-06,3,0,0,0,1.800004
3.22406E-06,3,0,0,0,1.800007
3.22427E-06,3,0,0,0,1.800024
3.2243E-06,3,0,0,0,1.80003
3.22435E-06,3,0,0,0,1.800056
3.22446E-06,3,0,0,0,1.799944
3.22455E-06,3,0,0,0,1.793602
3.22465E-06,3,0,0,0,1.756159
3.22471E-06,3,0,0,0,1.695014
3.22478E-06,3,0,0,0,1.58522
3.22485E-06,3,0,0,0,1.422519
3.22488E-06,3,0,0,0,1.256812
3.2249E-06,3,0,0,0,0.9799817
3.22491E-06,3,0,0,0,0.6365475
3.22492E-06,3,0,0,0,0.2842229
3.22493E-06,3,0,0,0,0.1183072
3.22494E-06,3,0,0,0,0.03394261
3.22495E-06,3,0,0,0,0.007035913
3.22495E-06,3,0,0,0,0.0021716
3.22496E-06,3,0,0,0,0.001353093
3.22498E-06,3,0,0,0,0.000805104
3.22502E-06,3,0,0,0,0.000427002
3.22505E-06,3,0,0,0,0.000306741
3.2251E-06,3,0,0,0,0.000237924
3.22517E-06,3,0,0,0,0.000178466
3.22526E-06,3,0,0,0,0.000123887
3.22534E-06,3,0,0,0,6.53753E-05
3.22542E-06,3,0,0,0,9.91144E-06
3.2255E-06,3,0,0,0,-1.19968E-05
3.22556E-06,3,0,0,0,-1.13156E-05
3.22564E-06,3,0,0,0,-1.0272E-05
3.22579E-06,3,0,0,0,-8.40205E-06
3.22605E-06,3,0,0,0,-1.94276E-05
3.22606E-06,3,0,0,0,-1.51753E-05
3.22609E-06,3,0,0,0,-5.0513E-06
3.2261E-06,3,0,0,0,-5.05228E-06
3.22611E-06,3,0,0,0,-5.06979E-06
3.22612E-06,3,0,0,0,-5.03286E-06
3.22613E-06,3,0,0,0,-4.97924E-06
3.22614E-06,3,0,0,0,-4.89423E-06
3.22618E-06,3,0,0,0,-4.57838E-06
3.22624E-06,3,0,0,0,-4.19998E-06
3.22635E-06,3,0,0,0,-3.56057E-06
3.22658E-06,3,0,0,0,-2.57563E-06
3.22683E-06,3,0,0,0,-1.80362E-06
3.22717E-06,3,0,0,0,-1.16101E-06
3.22763E-06,3,0,0,0,-6.59469E-07
3.22844E-06,3,0,0,0,-2.25345E-07
3.2293E-06,3,0,0,0,-3.65319E-08
3.23063E-06,3,0,0,0,4.05406E-08
3.23234E-06,3,0,0,0,4.12971E-08
3.23514E-06,3,0,0,0,3.64225E-09
3.23822E-06,3,0,0,0,-1.36889E-08
3.2421E-06,3,0,0,0,-1.34329E-08
3.24698E-06,3,0,0,0,-1.09292E-08
3.25186E-06,3,0,0,0,-8.16062E-09
3.25674E-06,3,0,0,0,-5.54286E-09
3.26163E-06,3,0,0,0,-3.61118E-09
3.26651E-06,3,0,0,0,-2.1597E-09
3.27139E-06,3,0,0,0,-1.16677E-09
3.27628E-06,3,0,0,0,-4.60397E-10
3.28116E-06,3,0,0,0,1.19962E-11
3.28604E-06,3,0,0,0,3.40458E-10
3.29092E-06,3,0,0,0,5.61293E-10
3.29512E-06,3,0,0,0,6.92644E-10
3.3E-06,3,0,0,0,-2.94521E-05
3.30001E-06,0,0,0,0,-8.68345E-06
3.30003E-06,0,0,0,0,2.84359E-05
3.30003E-06,0,0,0,0,1.28343E-06
3.30004E-06,0,0,0,0,-1.99394E-05
3.30005E-06,0,0,0,0,-1.03856E-06
3.30007E-06,0,0,0,0,-1.21413E-06
3.3001E-06,0,0,0,0,-4.85327E-08
3.30013E-06,0,0,0,0,-1.77053E-07
3.30017E-06,0,0,0,0,6.47559E-09
3.30021E-06,0,0,0,0,-9.82745E-08
3.30028E-06,0,0,0,0,2.32004E-08
3.30034E-06,0,0,0,0,-5.71709E-08
3.30045E-06,0,0,0,0,2.46368E-08
3.30059E-06,0,0,0,0,-1.81208E-08
3.30079E-06,0,0,0,0,8.67222E-09
3.30103E-06,0,0,0,0,-7.85059E-10
3.30128E-06,0,0,0,0,1.08648E-08
3.30164E-06,0,0,0,0,-6.24879E-09
3.30215E-06,0,0,0,0,7.00647E-09
3.30298E-06,0,0,0,0,-1.28885E-09
3.30406E-06,0,0,0,0,4.31745E-09
3.30603E-06,0,0,0,0,1.47417E-10
3.30852E-06,0,0,0,0,1.25286E-09
3.31122E-06,0,0,0,0,9.96118E-10
3.31393E-06,0,0,0,0,1.55093E-09
3.31725E-06,0,0,0,0,8.72644E-10
3.32078E-06,0,0,0,0,1.63113E-09
3.32566E-06,0,0,0,0,1.00818E-09
3.33054E-06,0,0,0,0,1.00988E-09
3.34031E-06,0,0,0,0,1.00982E-09
3.34519E-06,0,0,0,0,1.03217E-09
0.00000335,0,0,0,0,-2.21381E-06
3.35E-06,0,3,0,0,-1.74778E-06
3.35E-06,0,3,0,0,-2.24269E-07
3.35E-06,0,3,0,0,-6.29318E-08
3.35E-06,0,3,0,0,-3.83057E-08
3.35001E-06,0,3,0,0,-1.46451E-08
3.35001E-06,0,3,0,0,-3.41174E-09
3.35001E-06,0,3,0,0,4.41399E-10
3.35002E-06,0,3,0,0,8.36333E-10
3.35003E-06,0,3,0,0,8.2775E-10
3.35004E-06,0,3,0,0,9.53929E-10
3.35005E-06,0,3,0,0,1.03459E-09
3.35007E-06,0,3,0,0,1.0596E-09
3.3501E-06,0,3,0,0,1.04061E-09
3.35014E-06,0,3,0,0,1.02169E-09
3.35019E-06,0,3,0,0,1.01213E-09
3.35028E-06,0,3,0,0,1.00823E-09
3.3504E-06,0,3,0,0,1.00641E-09
3.35057E-06,0,3,0,0,1.00576E-09
3.35076E-06,0,3,0,0,1.00524E-09
3.35103E-06,0,3,0,0,1.00489E-09
3.35139E-06,0,3,0,0,1.00467E-09
3.35188E-06,0,3,0,0,1.00484E-09
3.35244E-06,0,3,0,0,1.005E-09
3.35295E-06,0,3,0,0,1.00512E-09
3.35346E-06,0,3,0,0,1.00523E-09
3.35407E-06,0,3,0,0,1.00528E-09
3.3545E-06,0,3,0,0,1.00524E-09
3.35504E-06,0,3,0,0,1.00512E-09
3.35554E-06,0,3,0,0,1.00505E-09
3.35615E-06,0,3,0,0,1.00507E-09
3.35679E-06,0,3,0,0,1.00511E-09
3.35747E-06,0,3,0,0,1.00517E-09
3.35825E-06,0,3,0,0,1.00518E-09
3.35899E-06,0,3,0,0,1.00515E-09
3.35982E-06,0,3,0,0,1.00512E-09
3.36079E-06,0,3,0,0,1.00513E-09
3.36192E-06,0,3,0,0,1.00515E-09
3.36307E-06,0,3,0,0,1.00515E-09
3.36442E-06,0,3,0,0,1.00513E-09
3.36585E-06,0,3,0,0,1.00514E-09
3.36774E-06,0,3,0,0,1.00514E-09
3.36968E-06,0,3,0,0,1.00514E-09
3.37247E-06,0,3,0,0,1.00514E-09
3.37543E-06,0,3,0,0,1.00514E-09
3.37936E-06,0,3,0,0,1.00514E-09
3.38424E-06,0,3,0,0,1.00514E-09
3.38912E-06,0,3,0,0,1.00514E-09
3.39401E-06,0,3,0,0,1.00514E-09
3.39889E-06,0,3,0,0,1.00514E-09
3.40377E-06,0,3,0,0,1.00514E-09
3.40865E-06,0,3,0,0,1.00514E-09
3.41354E-06,0,3,0,0,1.00514E-09
3.41842E-06,0,3,0,0,1.00514E-09
3.4233E-06,0,3,0,0,1.00514E-09
3.42818E-06,0,3,0,0,1.00514E-09
3.43307E-06,0,3,0,0,1.00514E-09
3.43795E-06,0,3,0,0,1.00514E-09
3.44283E-06,0,3,0,0,1.00513E-09
3.44512E-06,0,3,0,0,1.0052E-09
3.44543E-06,0,3,0,0,1.00517E-09
3.44606E-06,0,3,0,0,1.00512E-09
3.44732E-06,0,3,0,0,1.00502E-09
3.44748E-06,0,3,0,0,1.00507E-09
3.44779E-06,0,3,0,0,1.00517E-09
3.4484E-06,0,3,0,0,1.00516E-09
3.44877E-06,0,3,0,0,1.00515E-09
3.44926E-06,0,3,0,0,1.00512E-09
0.00000345,0,3,0,0,1E-09
3.45E-06,0,3,3,0,1.0004E-09
3.45001E-06,0,3,3,0,9.99829E-10
3.45001E-06,0,3,3,0,9.98207E-10
3.45001E-06,0,3,3,0,9.94655E-10
3.45001E-06,0,3,3,0,9.8675E-10
3.45002E-06,0,3,3,0,9.72751E-10
3.45003E-06,0,3,3,0,9.5778E-10
3.45004E-06,0,3,3,0,9.59376E-10
3.45005E-06,0,3,3,0,9.80111E-10
3.45007E-06,0,3,3,0,1.00031E-09
3.45009E-06,0,3,3,0,1.01657E-09
3.45012E-06,0,3,3,0,1.01913E-09
3.45016E-06,0,3,3,0,1.01519E-09
3.4502E-06,0,3,3,0,1.01167E-09
3.45027E-06,0,3,3,0,1.00886E-09
3.45034E-06,0,3,3,0,1.00725E-09
3.45044E-06,0,3,3,0,1.00621E-09
3.45058E-06,0,3,3,0,1.00562E-09
3.45078E-06,0,3,3,0,1.00527E-09
3.45108E-06,0,3,3,0,1.00504E-09
3.45156E-06,0,3,3,0,1.00493E-09
3.45208E-06,0,3,3,0,1.00499E-09
3.45272E-06,0,3,3,0,1.00507E-09
3.45332E-06,0,3,3,0,1.00512E-09
3.45417E-06,0,3,3,0,1.00516E-09
3.45502E-06,0,3,3,0,1.00516E-09
3.45599E-06,0,3,3,0,1.00514E-09
3.45703E-06,0,3,3,0,1.00513E-09
3.45873E-06,0,3,3,0,1.00514E-09
3.46049E-06,0,3,3,0,1.00514E-09
3.46273E-06,0,3,3,0,1.00514E-09
3.4646E-06,0,3,3,0,1.00514E-09
3.46715E-06,0,3,3,0,1.00514E-09
3.47025E-06,0,3,3,0,1.00514E-09
3.47498E-06,0,3,3,0,1.00514E-09
3.47986E-06,0,3,3,0,1.00514E-09
3.48474E-06,0,3,3,0,1.00514E-09
3.48963E-06,0,3,3,0,1.00514E-09
3.54938E-06,0,3,3,0,1.00514E-09
3.55E-06,0,3,3,0,1.00514E-09
3.55125E-06,0,3,0,0,1.00514E-09
3.55374E-06,0,3,0,0,1.00514E-09
3.55646E-06,0,3,0,0,1.00514E-09
3.56E-06,0,3,0,0,9.3694E-10
3.56001E-06,0,0,0,0,9.51882E-10
3.56003E-06,0,0,0,0,1.09874E-09
3.56003E-06,0,0,0,0,1.12184E-09
3.56004E-06,0,0,0,0,1.08988E-09
3.56005E-06,0,0,0,0,1.03065E-09
3.56006E-06,0,0,0,0,1.01264E-09
3.56008E-06,0,0,0,0,1.00573E-09
3.5601E-06,0,0,0,0,1.00461E-09
3.56015E-06,0,0,0,0,1.00529E-09
3.56023E-06,0,0,0,0,1.00539E-09
3.56041E-06,0,0,0,0,1.00527E-09
3.56077E-06,0,0,0,0,1.00516E-09
3.5612E-06,0,0,0,0,1.00514E-09
3.56191E-06,0,0,0,0,1.00513E-09
3.56289E-06,0,0,0,0,1.00513E-09
3.56403E-06,0,0,0,0,1.00513E-09
3.56563E-06,0,0,0,0,1.00514E-09
3.56773E-06,0,0,0,0,1.00514E-09
3.57114E-06,0,0,0,0,1.00514E-09
3.57545E-06,0,0,0,0,1.00514E-09
3.58033E-06,0,0,0,0,1.00514E-09
3.58522E-06,0,0,0,0,1.00514E-09
3.5901E-06,0,0,0,0,1.00514E-09
3.59498E-06,0,0,0,0,1.00514E-09
3.59986E-06,0,0,0,0,1.00514E-09
3.60963E-06,0,0,0,0,1.00514E-09
3.68776E-06,0,0,0,0,1.00514E-09
3.69264E-06,0,0,0,0,1.00514E-09
3.69512E-06,0,0,0,0,1.00514E-09
0.0000037,1.27055E-05,0,0,0,0.000202639
3.7E-06,3,0,0,0,0.000163829
3.7E-06,3,0,0,0,-0.000120369
3.7E-06,3,0,0,0,-0.000130746
3.7E-06,3,0,0,0,-6.26481E-05
3.70001E-06,3,0,0,0,-1.23973E-05
3.70001E-06,3,0,0,0,2.12505E-05
3.70001E-06,3,0,0,0,2.94798E-05
3.70003E-06,3,0,0,0,1.16543E-05
3.70004E-06,3,0,0,0,-1.48681E-06
3.70005E-06,3,0,0,0,-3.71442E-06
3.70007E-06,3,0,0,0,-2.71898E-06
3.7001E-06,3,0,0,0,-1.57215E-06
3.70014E-06,3,0,0,0,-9.43461E-07
3.70024E-06,3,0,0,0,-7.50614E-07
3.70042E-06,3,0,0,0,-5.89743E-07
3.70069E-06,3,0,0,0,-3.76039E-07
3.70104E-06,3,0,0,0,-1.13316E-07
3.70111E-06,3,0,0,0,-9.7323E-08
3.70124E-06,3,0,0,0,-1.01142E-07
3.70128E-06,3,0,0,0,-8.88997E-08
3.70129E-06,3,0,0,0,-8.42348E-08
3.7013E-06,3,0,0,0,-7.0903E-08
3.70131E-06,3,0,0,0,-6.6871E-08
3.70133E-06,3,0,0,0,-4.08364E-08
3.70137E-06,3,0,0,0,-1.82401E-08
3.70144E-06,3,0,0,0,2.37217E-09
3.70157E-06,3,0,0,0,2.11108E-08
3.70184E-06,3,0,0,0,4.18681E-08
3.70239E-06,3,0,0,0,5.59138E-08
3.70348E-06,3,0,0,0,4.51427E-08
3.70561E-06,3,0,0,0,4.87374E-09
3.70864E-06,3,0,0,0,-2.13802E-08
3.7114E-06,3,0,0,0,-1.69768E-08
3.7137E-06,3,0,0,0,-8.08624E-09
3.71646E-06,3,0,0,0,-2.01272E-09
3.71991E-06,3,0,0,0,4.1458E-10
3.7248E-06,3,0,0,0,9.42311E-10
3.72968E-06,3,0,0,0,7.20794E-10
3.73013E-06,3,0,0,0,-1.8766E-08
3.73103E-06,3,0,0,0,-4.69085E-07
3.73119E-06,3,0,0,0,-1.77783E-06
3.73152E-06,3,0,0,0,-9.61502E-06
3.73169E-06,3,0,0,0,-2.12687E-05
3.73181E-06,3,0,0,0,-4.58953E-05
3.73192E-06,3,0,0,0,-9.16509E-05
3.73208E-06,3,0,0,0,-0.000197363
3.73219E-06,3,0,0,0,-4.08312E-05
3.73231E-06,3,0,0,0,0.01155684
3.73239E-06,3,0,0,0,0.04305212
3.7324E-06,3,0,0,0,0.05444646
3.73242E-06,3,0,0,0,0.1052235
3.73244E-06,3,0,0,0,0.1933255
3.73244E-06,3,0,0,0,0.2189553
3.73245E-06,3,0,0,0,0.2922521
3.73246E-06,3,0,0,0,0.4707135
3.73247E-06,3,0,0,0,0.6631891
3.73249E-06,3,0,0,0,0.8913995
3.73249E-06,3,0,0,0,0.9341674
3.7325E-06,3,0,0,0,1.031375
3.7325E-06,3,0,0,0,1.164148
3.73251E-06,3,0,0,0,1.306419
3.73251E-06,3,0,0,0,1.487539
3.73252E-06,3,0,0,0,1.661947
3.73252E-06,3,0,0,0,1.728847
3.73252E-06,3,0,0,0,1.774431
3.73253E-06,3,0,0,0,1.789196
3.73253E-06,3,0,0,0,1.794526
3.73254E-06,3,0,0,0,1.797451
3.73254E-06,3,0,0,0,1.798968
3.73255E-06,3,0,0,0,1.799377
3.73256E-06,3,0,0,0,1.799634
3.73257E-06,3,0,0,0,1.799931
3.73259E-06,3,0,0,0,1.800141
3.73262E-06,3,0,0,0,1.800184
3.73266E-06,3,0,0,0,1.800181
3.73275E-06,3,0,0,0,1.800167
3.73292E-06,3,0,0,0,1.80015
3.73296E-06,3,0,0,0,1.800143
3.73305E-06,3,0,0,0,1.800124
3.73307E-06,3,0,0,0,1.800122
3.73311E-06,3,0,0,0,1.800117
3.73312E-06,3,0,0,0,1.800116
3.73315E-06,3,0,0,0,1.800114
3.73316E-06,3,0,0,0,1.800112
3.73316E-06,3,0,0,0,1.800112
3.73318E-06,3,0,0,0,1.800111
3.7332E-06,3,0,0,0,1.800109
3.73324E-06,3,0,0,0,1.800104
3.73332E-06,3,0,0,0,1.800096
3.73349E-06,3,0,0,0,1.800082
3.73383E-06,3,0,0,0,1.800062
3.7345E-06,3,0,0,0,1.800035
3.73454E-06,3,0,0,0,1.800034
3.7346E-06,3,0,0,0,1.800033
3.73467E-06,3,0,0,0,1.800031
3.73473E-06,3,0,0,0,1.80003
3.7348E-06,3,0,0,0,1.800029
3.73486E-06,3,0,0,0,1.800028
3.73492E-06,3,0,0,0,1.800026
3.73499E-06,3,0,0,0,1.800025
3.7354E-06,3,0,0,0,1.80002
3.73622E-06,3,0,0,0,1.800012
3.73736E-06,3,0,0,0,1.800007
3.73914E-06,3,0,0,0,1.800002
3.7414E-06,3,0,0,0,1.800001
3.74405E-06,3,0,0,0,1.8
3.7475E-06,3,0,0,0,1.8
3.75239E-06,3,0,0,0,1.8
3.75326E-06,3,0,0,0,1.8
3.75413E-06,3,0,0,0,1.8
3.755E-06,3,0,0,0,1.8
3.75587E-06,3,0,0,0,1.8
3.75675E-06,3,0,0,0,1.8
3.75762E-06,3,0,0,0,1.8
3.75849E-06,3,0,0,0,1.8
3.76093E-06,3,0,0,0,1.8
3.76343E-06,3,0,0,0,1.8
3.76832E-06,3,0,0,0,1.8
3.7732E-06,3,0,0,0,1.8
3.77808E-06,3,0,0,0,1.8
3.78296E-06,3,0,0,0,1.8
3.78785E-06,3,0,0,0,1.8
3.79273E-06,3,0,0,0,1.8
3.79544E-06,3,0,0,0,1.8
3.79673E-06,3,0,0,0,1.8
3.79828E-06,3,0,0,0,1.8
3.8E-06,3,0,0,0,1.799107
3.8E-06,0,0,0,0,1.799362
3.80001E-06,0,0,0,0,1.800688
3.80002E-06,0,0,0,0,1.800591
3.80002E-06,0,0,0,0,1.800223
3.80002E-06,0,0,0,0,1.8002
3.80003E-06,0,0,0,0,1.800176
3.80003E-06,0,0,0,0,1.800139
3.80005E-06,0,0,0,0,1.800096
3.80006E-06,0,0,0,0,1.800062
3.80009E-06,0,0,0,0,1.800037
3.80012E-06,0,0,0,0,1.800017
3.80019E-06,0,0,0,0,1.800005
3.80033E-06,0,0,0,0,1.8
3.80051E-06,0,0,0,0,1.8
3.80072E-06,0,0,0,0,1.8
3.80099E-06,0,0,0,0,1.8
3.8014E-06,0,0,0,0,1.8
3.80205E-06,0,0,0,0,1.8
3.80301E-06,0,0,0,0,1.8
3.80405E-06,0,0,0,0,1.8
3.80533E-06,0,0,0,0,1.8
3.80668E-06,0,0,0,0,1.8
3.80788E-06,0,0,0,0,1.8
3.80923E-06,0,0,0,0,1.8
3.81076E-06,0,0,0,0,1.8
3.81139E-06,0,0,0,0,1.8
3.81197E-06,0,0,0,0,1.8
3.81247E-06,0,0,0,0,1.8
3.81285E-06,0,0,0,0,1.8
3.81328E-06,0,0,0,0,1.8
3.81391E-06,0,0,0,0,1.8
3.81459E-06,0,0,0,0,1.8
3.81536E-06,0,0,0,0,1.8
3.81631E-06,0,0,0,0,1.8
3.81765E-06,0,0,0,0,1.8
3.81973E-06,0,0,0,0,1.8
3.82335E-06,0,0,0,0,1.8
3.8271E-06,0,0,0,0,1.8
3.83199E-06,0,0,0,0,1.8
3.83687E-06,0,0,0,0,1.8
3.84175E-06,0,0,0,0,1.8
3.84512E-06,0,0,0,0,1.8
0.00000385,0,0,0,0,1.8
3.85E-06,0,3,0,0,1.8
3.85E-06,0,3,0,0,1.8
3.85E-06,0,3,0,0,1.8
3.85E-06,0,3,0,0,1.8
3.85001E-06,0,3,0,0,1.8
3.85001E-06,0,3,0,0,1.8
3.85001E-06,0,3,0,0,1.8
3.85002E-06,0,3,0,0,1.8
3.85003E-06,0,3,0,0,1.8
3.85004E-06,0,3,0,0,1.8
3.85005E-06,0,3,0,0,1.8
3.85007E-06,0,3,0,0,1.8
3.85011E-06,0,3,0,0,1.8
3.8502E-06,0,3,0,0,1.8
3.85033E-06,0,3,0,0,1.8
3.85045E-06,0,3,0,0,1.8
3.85064E-06,0,3,0,0,1.8
3.85086E-06,0,3,0,0,1.8
3.8511E-06,0,3,0,0,1.8
3.8513E-06,0,3,0,0,1.8
3.85149E-06,0,3,0,0,1.8
3.85171E-06,0,3,0,0,1.8
3.85202E-06,0,3,0,0,1.8
3.85228E-06,0,3,0,0,1.8
3.85258E-06,0,3,0,0,1.8
3.85287E-06,0,3,0,0,1.8
3.85325E-06,0,3,0,0,1.8
3.85363E-06,0,3,0,0,1.8
3.85398E-06,0,3,0,0,1.8
3.85446E-06,0,3,0,0,1.8
3.85494E-06,0,3,0,0,1.8
3.85557E-06,0,3,0,0,1.8
3.85613E-06,0,3,0,0,1.8
3.85681E-06,0,3,0,0,1.8
3.85744E-06,0,3,0,0,1.8
3.85808E-06,0,3,0,0,1.8
3.85887E-06,0,3,0,0,1.8
3.85979E-06,0,3,0,0,1.8
3.8608E-06,0,3,0,0,1.8
3.8619E-06,0,3,0,0,1.8
3.86331E-06,0,3,0,0,1.8
3.86474E-06,0,3,0,0,1.8
3.86677E-06,0,3,0,0,1.8
3.86876E-06,0,3,0,0,1.8
3.87244E-06,0,3,0,0,1.8
3.87609E-06,0,3,0,0,1.8
3.88086E-06,0,3,0,0,1.8
3.88574E-06,0,3,0,0,1.8
3.89063E-06,0,3,0,0,1.8
3.89551E-06,0,3,0,0,1.8
3.90039E-06,0,3,0,0,1.8
3.90528E-06,0,3,0,0,1.8
3.91016E-06,0,3,0,0,1.8
3.91504E-06,0,3,0,0,1.8
3.91992E-06,0,3,0,0,1.8
3.92481E-06,0,3,0,0,1.8
3.92969E-06,0,3,0,0,1.8
3.93457E-06,0,3,0,0,1.8
3.93946E-06,0,3,0,0,1.8
3.94434E-06,0,3,0,0,1.8
3.94512E-06,0,3,0,0,1.8
3.94667E-06,0,3,0,0,1.8
3.94731E-06,0,3,0,0,1.8
3.94832E-06,0,3,0,0,1.8
3.94931E-06,0,3,0,0,1.8
0.00000395,0,3,0,0,1.8
3.95E-06,0,3,3,0,1.8
3.95001E-06,0,3,3,0,1.8
3.95001E-06,0,3,3,0,1.8
3.95001E-06,0,3,3,0,1.8
3.95001E-06,0,3,3,0,1.8
3.95001E-06,0,3,3,0,1.8
3.95002E-06,0,3,3,0,1.8
3.95003E-06,0,3,3,0,1.8
3.95003E-06,0,3,3,0,1.8
3.95004E-06,0,3,3,0,1.8
3.95006E-06,0,3,3,0,1.8
3.95008E-06,0,3,3,0,1.8
3.95011E-06,0,3,3,0,1.8
3.95018E-06,0,3,3,0,1.8
3.9503E-06,0,3,3,0,1.8
3.95048E-06,0,3,3,0,1.8
3.95066E-06,0,3,3,0,1.8
3.95087E-06,0,3,3,0,1.8
3.9511E-06,0,3,3,0,1.8
3.95141E-06,0,3,3,0,1.8
3.95175E-06,0,3,3,0,1.8
3.95228E-06,0,3,3,0,1.8
3.95316E-06,0,3,3,0,1.8
3.95411E-06,0,3,3,0,1.8
3.95526E-06,0,3,3,0,1.8
3.95669E-06,0,3,3,0,1.8
3.95822E-06,0,3,3,0,1.8
3.95959E-06,0,3,3,0,1.8
3.96053E-06,0,3,3,0,1.8
3.96108E-06,0,3,3,0,1.8
3.96152E-06,0,3,3,0,1.8
3.962E-06,0,3,3,0,1.8
3.96233E-06,0,3,3,0,1.8
3.9627E-06,0,3,3,0,1.8
3.96326E-06,0,3,3,0,1.8
3.9638E-06,0,3,3,0,1.8
3.96448E-06,0,3,3,0,1.8
3.96527E-06,0,3,3,0,1.8
3.9664E-06,0,3,3,0,1.8
3.96775E-06,0,3,3,0,1.8
3.97018E-06,0,3,3,0,1.8
3.97281E-06,0,3,3,0,1.8
3.97546E-06,0,3,3,0,1.8
3.98035E-06,0,3,3,0,1.8
3.98523E-06,0,3,3,0,1.8
3.99011E-06,0,3,3,0,1.8
3.995E-06,0,3,3,0,1.8
3.99988E-06,0,3,3,0,1.8
4.00964E-06,0,3,3,0,1.8
4.04741E-06,0,3,3,0,1.8
4.05E-06,0,3,3,0,1.8
4.05488E-06,0,3,0,0,1.8
4.05512E-06,0,3,0,0,1.8
4.05559E-06,0,3,0,0,1.8
4.05652E-06,0,3,0,0,1.8
4.05813E-06,0,3,0,0,1.8
4.06E-06,0,3,0,0,1.8
4.06001E-06,0,0,0,0,1.8
4.06002E-06,0,0,0,0,1.8
4.06002E-06,0,0,0,0,1.8
4.06002E-06,0,0,0,0,1.8
4.06003E-06,0,0,0,0,1.8
4.06003E-06,0,0,0,0,1.8
4.06005E-06,0,0,0,0,1.8
4.06008E-06,0,0,0,0,1.8
4.0601E-06,0,0,0,0,1.8
4.06016E-06,0,0,0,0,1.8
4.06028E-06,0,0,0,0,1.8
4.06049E-06,0,0,0,0,1.8
4.06082E-06,0,0,0,0,1.8
4.06134E-06,0,0,0,0,1.8
4.0619E-06,0,0,0,0,1.8
4.06293E-06,0,0,0,0,1.8
4.06446E-06,0,0,0,0,1.8
4.06585E-06,0,0,0,0,1.8
4.06823E-06,0,0,0,0,1.8
4.07167E-06,0,0,0,0,1.8
4.07655E-06,0,0,0,0,1.8
4.0912E-06,0,0,0,0,1.8
4.18885E-06,0,0,0,0,1.8
4.19374E-06,0,0,0,0,1.8
4.19724E-06,0,0,0,0,1.8
0.0000042,0,0,0,0,1.797186
4.20001E-06,3,0,0,0,1.798216
4.20002E-06,3,0,0,0,1.803366
4.20002E-06,3,0,0,0,1.802049
4.20003E-06,3,0,0,0,1.799351
4.20003E-06,3,0,0,0,1.799539
4.20004E-06,3,0,0,0,1.79987
4.20005E-06,3,0,0,0,1.799833
4.20006E-06,3,0,0,0,1.799971
4.20007E-06,3,0,0,0,1.799957
4.20009E-06,3,0,0,0,1.799821
4.20009E-06,3,0,0,0,1.799852
4.2001E-06,3,0,0,0,1.800015
4.2001E-06,3,0,0,0,1.800014
4.20011E-06,3,0,0,0,1.799997
4.20011E-06,3,0,0,0,1.799997
4.20011E-06,3,0,0,0,1.799999
4.20011E-06,3,0,0,0,1.8
4.20011E-06,3,0,0,0,1.8
4.20012E-06,3,0,0,0,1.8
4.20012E-06,3,0,0,0,1.800001
4.20013E-06,3,0,0,0,1.800001
4.20014E-06,3,0,0,0,1.800002
4.20018E-06,3,0,0,0,1.800004
4.20024E-06,3,0,0,0,1.800005
4.20035E-06,3,0,0,0,1.800006
4.20046E-06,3,0,0,0,1.800007
4.2006E-06,3,0,0,0,1.800006
4.20077E-06,3,0,0,0,1.800006
4.20103E-06,3,0,0,0,1.800005
4.20147E-06,3,0,0,0,1.800004
4.20235E-06,3,0,0,0,1.800002
4.20411E-06,3,0,0,0,1.800001
4.20575E-06,3,0,0,0,1.8
4.20762E-06,3,0,0,0,1.8
4.20912E-06,3,0,0,0,1.8
4.21076E-06,3,0,0,0,1.8
4.21187E-06,3,0,0,0,1.800002
4.21319E-06,3,0,0,0,1.800008
4.21322E-06,3,0,0,0,1.800011
4.21328E-06,3,0,0,0,1.800025
4.21338E-06,3,0,0,0,1.800064
4.21351E-06,3,0,0,0,1.799477
4.21358E-06,3,0,0,0,1.793893
4.21365E-06,3,0,0,0,1.767045
4.21371E-06,3,0,0,0,1.713406
4.21378E-06,3,0,0,0,1.618777
4.21385E-06,3,0,0,0,1.47834
4.21388E-06,3,0,0,0,1.349019
4.21391E-06,3,0,0,0,1.135869
4.21392E-06,3,0,0,0,0.8498847
4.21394E-06,3,0,0,0,0.3792409
4.21395E-06,3,0,0,0,0.1431571
4.21396E-06,3,0,0,0,0.04057924
4.21397E-06,3,0,0,0,0.006486929
4.21397E-06,3,0,0,0,0.001955469
4.21399E-06,3,0,0,0,0.001348827
4.21401E-06,3,0,0,0,0.000764465
4.21404E-06,3,0,0,0,0.000407542
4.21408E-06,3,0,0,0,0.00029669
4.21412E-06,3,0,0,0,0.000231548
4.2142E-06,3,0,0,0,0.000172891
4.21431E-06,3,0,0,0,0.000103278
4.21439E-06,3,0,0,0,4.70726E-05
4.21448E-06,3,0,0,0,-6.25926E-06
4.21455E-06,3,0,0,0,-1.38071E-05
4.21464E-06,3,0,0,0,-1.02725E-05
4.21472E-06,3,0,0,0,-9.57331E-06
4.2149E-06,3,0,0,0,-7.52181E-06
4.21522E-06,3,0,0,0,-4.82363E-06
4.21562E-06,3,0,0,0,-2.73685E-06
4.21608E-06,3,0,0,0,-1.27262E-05
4.21609E-06,3,0,0,0,-8.98317E-06
4.2161E-06,3,0,0,0,-8.11377E-07
4.2161E-06,3,0,0,0,-9.17324E-07
4.21611E-06,3,0,0,0,-1.28135E-06
4.21613E-06,3,0,0,0,-1.18432E-06
4.21613E-06,3,0,0,0,-1.18718E-06
4.21614E-06,3,0,0,0,-1.21361E-06
4.21618E-06,3,0,0,0,-1.14657E-06
4.21624E-06,3,0,0,0,-1.06435E-06
4.21635E-06,3,0,0,0,-9.19786E-07
4.21658E-06,3,0,0,0,-6.88675E-07
4.21691E-06,3,0,0,0,-4.50946E-07
4.2173E-06,3,0,0,0,-2.72054E-07
4.2179E-06,3,0,0,0,-1.29768E-07
4.21912E-06,3,0,0,0,-1.82821E-08
4.22072E-06,3,0,0,0,1.99164E-08
4.22321E-06,3,0,0,0,1.82192E-08
4.22693E-06,3,0,0,0,3.46244E-09
4.23137E-06,3,0,0,0,-3.67427E-09
4.23625E-06,3,0,0,0,-2.78011E-09
4.24113E-06,3,0,0,0,-1.59612E-09
4.24601E-06,3,0,0,0,-8.58808E-10
4.2509E-06,3,0,0,0,-2.66646E-10
4.25578E-06,3,0,0,0,1.10883E-10
4.26066E-06,3,0,0,0,3.98671E-10
4.26555E-06,3,0,0,0,5.83295E-10
4.27043E-06,3,0,0,0,7.19876E-10
4.27531E-06,3,0,0,0,8.07973E-10
4.28019E-06,3,0,0,0,8.7193E-10
4.28508E-06,3,0,0,0,9.13415E-10
4.28996E-06,3,0,0,0,9.4316E-10
4.29567E-06,3,0,0,0,9.72408E-10
4.29965E-06,3,0,0,0,9.78812E-10
4.3E-06,3,0,0,0,-0.000330013
4.3E-06,0,0,0,0,-0.000308997
4.3E-06,0,0,0,0,6.31879E-05
4.3E-06,0,0,0,0,0.0001493
4.3E-06,0,0,0,0,0.000158368
4.30001E-06,0,0,0,0,0.000150066
4.30001E-06,0,0,0,0,0.000112404
4.30001E-06,0,0,0,0,5.51037E-05
4.30002E-06,0,0,0,0,9.49301E-06
4.30003E-06,0,0,0,0,-9.58578E-07
4.30005E-06,0,0,0,0,-6.95271E-07
4.30007E-06,0,0,0,0,-2.92213E-07
4.30011E-06,0,0,0,0,-5.91131E-08
4.30016E-06,0,0,0,0,-3.78212E-09
4.30021E-06,0,0,0,0,1.19292E-09
4.30026E-06,0,0,0,0,5.56659E-10
4.30034E-06,0,0,0,0,1.30129E-09
4.30045E-06,0,0,0,0,6.8476E-10
4.30065E-06,0,0,0,0,1.08407E-09
4.30089E-06,0,0,0,0,9.7552E-10
4.30116E-06,0,0,0,0,1.06676E-09
4.3015E-06,0,0,0,0,9.22643E-10
4.30206E-06,0,0,0,0,1.02079E-09
4.3027E-06,0,0,0,0,9.67276E-10
4.30366E-06,0,0,0,0,1.02523E-09
4.305E-06,0,0,0,0,9.85774E-10
4.30712E-06,0,0,0,0,1.006E-09
4.3093E-06,0,0,0,0,9.948E-10
4.31252E-06,0,0,0,0,1.00292E-09
4.31544E-06,0,0,0,0,9.98733E-10
4.31944E-06,0,0,0,0,1.00825E-09
4.32432E-06,0,0,0,0,1.00513E-09
4.3292E-06,0,0,0,0,1.00515E-09
4.34765E-06,0,0,0,0,1.00708E-09
0.00000435,0,0,0,0,-1.86664E-08
4.35E-06,0,3,0,0,-1.45471E-08
4.35E-06,0,3,0,0,-9.98727E-10
4.35E-06,0,3,0,0,4.68622E-10
4.35E-06,0,3,0,0,7.13925E-10
4.35001E-06,0,3,0,0,9.02473E-10
4.35001E-06,0,3,0,0,9.49127E-10
4.35001E-06,0,3,0,0,9.06089E-10
4.35002E-06,0,3,0,0,8.88343E-10
4.35003E-06,0,3,0,0,9.24983E-10
4.35004E-06,0,3,0,0,9.80267E-10
4.35005E-06,0,3,0,0,1.01696E-09
4.35008E-06,0,3,0,0,1.02577E-09
4.35011E-06,0,3,0,0,1.01966E-09
4.35016E-06,0,3,0,0,1.01232E-09
4.35022E-06,0,3,0,0,1.00854E-09
4.35033E-06,0,3,0,0,1.00656E-09
4.35047E-06,0,3,0,0,1.00572E-09
4.35068E-06,0,3,0,0,1.00528E-09
4.35095E-06,0,3,0,0,1.00499E-09
4.35134E-06,0,3,0,0,1.00486E-09
4.35189E-06,0,3,0,0,1.00494E-09
4.35243E-06,0,3,0,0,1.00507E-09
4.35297E-06,0,3,0,0,1.00518E-09
4.35348E-06,0,3,0,0,1.00525E-09
4.35392E-06,0,3,0,0,1.00524E-09
4.35441E-06,0,3,0,0,1.00518E-09
4.35502E-06,0,3,0,0,1.0051E-09
4.35568E-06,0,3,0,0,1.00509E-09
4.35636E-06,0,3,0,0,1.00512E-09
4.35698E-06,0,3,0,0,1.00515E-09
4.35797E-06,0,3,0,0,1.00516E-09
4.35891E-06,0,3,0,0,1.00514E-09
4.35984E-06,0,3,0,0,1.00513E-09
4.36123E-06,0,3,0,0,1.00514E-09
4.36253E-06,0,3,0,0,1.00514E-09
4.36441E-06,0,3,0,0,1.00514E-09
4.36647E-06,0,3,0,0,1.00514E-09
4.36904E-06,0,3,0,0,1.00514E-09
4.37315E-06,0,3,0,0,1.00514E-09
4.37803E-06,0,3,0,0,1.00514E-09
4.38291E-06,0,3,0,0,1.00514E-09
4.3878E-06,0,3,0,0,1.00514E-09
4.39268E-06,0,3,0,0,1.00514E-09
4.39756E-06,0,3,0,0,1.00514E-09
4.40245E-06,0,3,0,0,1.00514E-09
4.40733E-06,0,3,0,0,1.00514E-09
4.41221E-06,0,3,0,0,1.00514E-09
4.41709E-06,0,3,0,0,1.00514E-09
4.42198E-06,0,3,0,0,1.00514E-09
4.42686E-06,0,3,0,0,1.00514E-09
4.43174E-06,0,3,0,0,1.00514E-09
4.43663E-06,0,3,0,0,1.00514E-09
4.44151E-06,0,3,0,0,1.00514E-09
4.44512E-06,0,3,0,0,1.00514E-09
0.00000445,0,3,0,0,1.00025E-09
4.45001E-06,0,3,3,0,9.95402E-10
4.45003E-06,0,3,3,0,9.77361E-10
4.45004E-06,0,3,3,0,9.76201E-10
4.45005E-06,0,3,3,0,9.81416E-10
4.45006E-06,0,3,3,0,9.92998E-10
4.45008E-06,0,3,3,0,1.00528E-09
4.45011E-06,0,3,3,0,1.01263E-09
4.45015E-06,0,3,3,0,1.01226E-09
4.45019E-06,0,3,3,0,1.00987E-09
4.45025E-06,0,3,3,0,1.00807E-09
4.45034E-06,0,3,3,0,1.00664E-09
4.45045E-06,0,3,3,0,1.00585E-09
4.45062E-06,0,3,3,0,1.0054E-09
4.45085E-06,0,3,3,0,1.00516E-09
4.45118E-06,0,3,3,0,1.00503E-09
4.45164E-06,0,3,3,0,1.005E-09
4.45212E-06,0,3,3,0,1.00503E-09
4.45282E-06,0,3,3,0,1.00509E-09
4.45346E-06,0,3,3,0,1.00513E-09
4.45448E-06,0,3,3,0,1.00516E-09
4.4556E-06,0,3,3,0,1.00515E-09
4.4567E-06,0,3,3,0,1.00514E-09
4.45792E-06,0,3,3,0,1.00513E-09
4.45939E-06,0,3,3,0,1.00514E-09
4.46103E-06,0,3,3,0,1.00514E-09
4.46356E-06,0,3,3,0,1.00514E-09
4.46671E-06,0,3,3,0,1.00514E-09
4.47159E-06,0,3,3,0,1.00514E-09
4.47648E-06,0,3,3,0,1.00514E-09
4.48136E-06,0,3,3,0,1.00514E-09
4.48624E-06,0,3,3,0,1.00514E-09
4.49113E-06,0,3,3,0,1.00514E-09
4.49601E-06,0,3,3,0,1.00514E-09
4.50089E-06,0,3,3,0,1.00514E-09
4.50577E-06,0,3,3,0,1.00514E-09
4.53995E-06,0,3,3,0,1.00514E-09
4.54512E-06,0,3,3,0,1.00514E-09
4.54879E-06,0,3,3,0,1.00514E-09
4.55E-06,0,3,3,0,1.00514E-09
4.55241E-06,0,3,0,0,1.00514E-09
4.55545E-06,0,3,0,0,1.00513E-09
4.55573E-06,0,3,0,0,1.00513E-09
4.55629E-06,0,3,0,0,1.00514E-09
4.5574E-06,0,3,0,0,1.00514E-09
4.55819E-06,0,3,0,0,1.00514E-09
4.55842E-06,0,3,0,0,1.00514E-09
4.55886E-06,0,3,0,0,1.00514E-09
4.55911E-06,0,3,0,0,1.00514E-09
4.55952E-06,0,3,0,0,1.00514E-09
4.56E-06,0,3,0,0,9.01744E-10
4.56E-06,0,0,0,0,8.22938E-10
4.56E-06,0,0,0,0,5.62389E-10
4.56E-06,0,0,0,0,5.53229E-10
4.56001E-06,0,0,0,0,6.10949E-10
4.56001E-06,0,0,0,0,7.60457E-10
4.56001E-06,0,0,0,0,8.85705E-10
4.56001E-06,0,0,0,0,1.0273E-09
4.56002E-06,0,0,0,0,1.11139E-09
4.56003E-06,0,0,0,0,1.08751E-09
4.56006E-06,0,0,0,0,1.01963E-09
4.56009E-06,0,0,0,0,1.00154E-09
4.56016E-06,0,0,0,0,1.00519E-09
4.56029E-06,0,0,0,0,1.00514E-09
4.56054E-06,0,0,0,0,1.00518E-09
4.56089E-06,0,0,0,0,1.00513E-09
4.56147E-06,0,0,0,0,1.00514E-09
4.56241E-06,0,0,0,0,1.00513E-09
4.56365E-06,0,0,0,0,1.00514E-09
4.56542E-06,0,0,0,0,1.00514E-09
4.56744E-06,0,0,0,0,1.00514E-09
4.57065E-06,0,0,0,0,1.00514E-09
4.57553E-06,0,0,0,0,1.00514E-09
4.5853E-06,0,0,0,0,1.00514E-09
4.59018E-06,0,0,0,0,1.00514E-09
4.59506E-06,0,0,0,0,1.00514E-09
4.59994E-06,0,0,0,0,1.00514E-09
4.69272E-06,0,0,0,0,1.00514E-09
4.69512E-06,0,0,0,0,1.00523E-09
4.69537E-06,0,0,0,0,1.00512E-09
4.69774E-06,0,0,0,0,1.00514E-09
0.0000047,0,0,0,0,3.90729E-05
4.70001E-06,3,0,0,0,2.77605E-05
4.70002E-06,3,0,0,0,6.55238E-06
4.70002E-06,3,0,0,0,1.96E-05
4.70003E-06,3,0,0,0,2.48284E-05
4.70003E-06,3,0,0,0,2.76965E-06
4.70005E-06,3,0,0,0,7.21044E-07
4.70007E-06,3,0,0,0,-1.03222E-06
4.7001E-06,3,0,0,0,-5.55858E-07
4.70015E-06,3,0,0,0,-5.95421E-07
4.70023E-06,3,0,0,0,-4.06994E-07
4.70039E-06,3,0,0,0,-5.05236E-07
4.70067E-06,3,0,0,0,-3.29029E-07
4.70099E-06,3,0,0,0,-2.06052E-07
4.70152E-06,3,0,0,0,-5.20489E-08
4.70253E-06,3,0,0,0,1.94854E-08
4.70421E-06,3,0,0,0,3.63694E-08
4.70637E-06,3,0,0,0,4.26783E-09
4.70969E-06,3,0,0,0,-1.30378E-08
4.71377E-06,3,0,0,0,4.39406E-06
4.71438E-06,3,0,0,0,3.36485E-06
4.7156E-06,3,0,0,0,-1.48994E-08
4.71667E-06,3,0,0,0,-9.57817E-09
4.71705E-06,3,0,0,0,-1.05404E-08
4.71751E-06,3,0,0,0,-1.54358E-08
4.71812E-06,3,0,0,0,-1.74548E-08
4.71934E-06,3,0,0,0,-1.65348E-08
4.72178E-06,3,0,0,0,-1.44982E-08
4.72667E-06,3,0,0,0,-1.14011E-08
4.73155E-06,3,0,0,0,-8.20019E-09
4.73643E-06,3,0,0,0,-5.53941E-09
4.74131E-06,3,0,0,0,-3.5712E-09
4.7462E-06,3,0,0,0,-2.15493E-09
4.75108E-06,3,0,0,0,-1.16232E-09
4.75596E-06,3,0,0,0,-4.72435E-10
4.76085E-06,3,0,0,0,1.32253E-12
4.76573E-06,3,0,0,0,3.25622E-10
4.77061E-06,3,0,0,0,5.45977E-10
4.77549E-06,3,0,0,0,6.95483E-10
4.78038E-06,3,0,0,0,7.96518E-10
4.78526E-06,3,0,0,0,8.64699E-10
4.79014E-06,3,0,0,0,9.10676E-10
4.79125E-06,3,0,0,0,9.19639E-10
4.79235E-06,3,0,0,0,9.27782E-10
4.79345E-06,3,0,0,0,9.35104E-10
4.79456E-06,3,0,0,0,9.41606E-10
4.79566E-06,3,0,0,0,9.47287E-10
4.79676E-06,3,0,0,0,9.52148E-10
4.79787E-06,3,0,0,0,9.56188E-10
4.8E-06,3,0,0,0,-5.67864E-05
4.80001E-06,0,0,0,0,-2.3323E-05
4.80002E-06,0,0,0,0,8.12245E-05
4.80002E-06,0,0,0,0,4.45114E-05
4.80002E-06,0,0,0,0,-9.7872E-06
4.80003E-06,0,0,0,0,-2.86165E-06
4.80004E-06,0,0,0,0,-1.29254E-06
4.80006E-06,0,0,0,0,-4.17489E-07
4.8001E-06,0,0,0,0,-1.2398E-07
4.80014E-06,0,0,0,0,-1.61709E-08
4.80017E-06,0,0,0,0,-5.38624E-09
4.80021E-06,0,0,0,0,2.89579E-09
4.80026E-06,0,0,0,0,-1.98332E-09
4.80033E-06,0,0,0,0,2.26141E-09
4.80041E-06,0,0,0,0,-7.71438E-10
4.80053E-06,0,0,0,0,2.20207E-09
4.80072E-06,0,0,0,0,9.33834E-10
4.80091E-06,0,0,0,0,1.60498E-09
4.80117E-06,0,0,0,0,1.12652E-09
4.80141E-06,0,0,0,0,1.54396E-09
4.80179E-06,0,0,0,0,8.46534E-10
4.80225E-06,0,0,0,0,1.37688E-09
4.80313E-06,0,0,0,0,8.92663E-10
4.80437E-06,0,0,0,0,1.13691E-09
4.80673E-06,0,0,0,0,9.6331E-10
4.81006E-06,0,0,0,0,9.7501E-10
4.81262E-06,0,0,0,0,9.86297E-10
4.81561E-06,0,0,0,0,1.00696E-09
4.81865E-06,0,0,0,0,9.92218E-10
4.82208E-06,0,0,0,0,1.03443E-09
4.82696E-06,0,0,0,0,1.00508E-09
4.83185E-06,0,0,0,0,1.0051E-09
4.84512E-06,0,0,0,0,9.77977E-10
0.00000485,0,0,0,0,-9.40675E-08
4.85E-06,0,3,0,0,-7.40356E-08
4.85E-06,0,3,0,0,-8.56476E-09
4.85E-06,0,3,0,0,-1.65703E-09
4.85E-06,0,3,0,0,-6.44943E-10
4.85001E-06,0,3,0,0,2.77524E-10
4.85001E-06,0,3,0,0,6.41523E-10
4.85001E-06,0,3,0,0,6.76275E-10
4.85002E-06,0,3,0,0,6.2699E-10
4.85002E-06,0,3,0,0,6.9569E-10
4.85003E-06,0,3,0,0,8.87043E-10
4.85005E-06,0,3,0,0,1.06393E-09
4.85007E-06,0,3,0,0,1.11482E-09
4.85009E-06,0,3,0,0,1.07894E-09
4.85013E-06,0,3,0,0,1.03728E-09
4.85017E-06,0,3,0,0,1.01874E-09
4.85025E-06,0,3,0,0,1.01071E-09
4.85035E-06,0,3,0,0,1.00764E-09
4.8505E-06,0,3,0,0,1.00634E-09
4.85068E-06,0,3,0,0,1.00577E-09
4.85091E-06,0,3,0,0,1.00523E-09
4.85112E-06,0,3,0,0,1.00478E-09
4.85141E-06,0,3,0,0,1.00452E-09
4.85187E-06,0,3,0,0,1.00467E-09
4.8524E-06,0,3,0,0,1.00496E-09
4.85294E-06,0,3,0,0,1.00508E-09
4.85352E-06,0,3,0,0,1.00519E-09
4.85423E-06,0,3,0,0,1.00523E-09
4.85504E-06,0,3,0,0,1.00519E-09
4.85587E-06,0,3,0,0,1.00513E-09
4.85657E-06,0,3,0,0,1.0051E-09
4.85732E-06,0,3,0,0,1.00511E-09
4.85816E-06,0,3,0,0,1.00514E-09
4.85913E-06,0,3,0,0,1.00516E-09
4.86013E-06,0,3,0,0,1.00515E-09
4.86161E-06,0,3,0,0,1.00513E-09
4.863E-06,0,3,0,0,1.00513E-09
4.86489E-06,0,3,0,0,1.00514E-09
4.86685E-06,0,3,0,0,1.00514E-09
4.8699E-06,0,3,0,0,1.00514E-09
4.87308E-06,0,3,0,0,1.00514E-09
4.87713E-06,0,3,0,0,1.00514E-09
4.88201E-06,0,3,0,0,1.00514E-09
4.8869E-06,0,3,0,0,1.00514E-09
4.89178E-06,0,3,0,0,1.00514E-09
4.89666E-06,0,3,0,0,1.00514E-09
4.90154E-06,0,3,0,0,1.00514E-09
4.90643E-06,0,3,0,0,1.00514E-09
4.91131E-06,0,3,0,0,1.00514E-09
4.91619E-06,0,3,0,0,1.00514E-09
4.92108E-06,0,3,0,0,1.00514E-09
4.92596E-06,0,3,0,0,1.00514E-09
4.93084E-06,0,3,0,0,1.00514E-09
4.93572E-06,0,3,0,0,1.00514E-09
4.94061E-06,0,3,0,0,1.00514E-09
4.94549E-06,0,3,0,0,1.00514E-09
0.00000495,0,3,0,0,9.97024E-10
4.95001E-06,0,3,3,0,9.87499E-10
4.95004E-06,0,3,3,0,9.49264E-10
4.95005E-06,0,3,3,0,9.4522E-10
4.95005E-06,0,3,3,0,9.55195E-10
4.95007E-06,0,3,3,0,9.85478E-10
4.95008E-06,0,3,3,0,1.0081E-09
4.95011E-06,0,3,3,0,1.02223E-09
4.95015E-06,0,3,3,0,1.02021E-09
4.95021E-06,0,3,3,0,1.01352E-09
4.95028E-06,0,3,3,0,1.00954E-09
4.95036E-06,0,3,3,0,1.00754E-09
4.95047E-06,0,3,3,0,1.00636E-09
4.95062E-06,0,3,3,0,1.00572E-09
4.95083E-06,0,3,3,0,1.00531E-09
4.95109E-06,0,3,3,0,1.00504E-09
4.95144E-06,0,3,3,0,1.00489E-09
4.95189E-06,0,3,3,0,1.0049E-09
4.95248E-06,0,3,3,0,1.00502E-09
4.95303E-06,0,3,3,0,1.00509E-09
4.95364E-06,0,3,3,0,1.00514E-09
4.95429E-06,0,3,3,0,1.00517E-09
4.95496E-06,0,3,3,0,1.00516E-09
4.95581E-06,0,3,3,0,1.00514E-09
4.95681E-06,0,3,3,0,1.00513E-09
4.95799E-06,0,3,3,0,1.00513E-09
4.95924E-06,0,3,3,0,1.00514E-09
4.96048E-06,0,3,3,0,1.00514E-09
4.96202E-06,0,3,3,0,1.00514E-09
4.96347E-06,0,3,3,0,1.00514E-09
4.96483E-06,0,3,3,0,1.00514E-09
4.96671E-06,0,3,3,0,1.00514E-09
4.96886E-06,0,3,3,0,1.00514E-09
4.97317E-06,0,3,3,0,1.00514E-09
4.97805E-06,0,3,3,0,1.00514E-09
4.98294E-06,0,3,3,0,1.00514E-09
4.9927E-06,0,3,3,0,1.00514E-09
4.99512E-06,0,3,3,0,1.00514E-09
4.99527E-06,0,3,3,0,1.00514E-09
4.99548E-06,0,3,3,0,1.00514E-09
4.99589E-06,0,3,3,0,1.00514E-09
4.99838E-06,0,3,3,0,1.00514E-09
0.000005,0,3,3,0,1.00514E-09
